,Network,User,Date,Text,Positive,Neutral,Negative,Compound
0,@CNN,Laurent,Thu Nov 02 00:06:03 +0000 2017,@CNN @CNNOpinion He’ll fail. Miserably.,0.0,0.312,0.688,-0.765
1,@CNN,Hear This,Thu Nov 02 00:06:01 +0000 2017,@CNN Because now the world sees us sending a traitor abroad.,0.0,1.0,0.0,0.0
2,@CNN,Larry Capilla,Thu Nov 02 00:06:00 +0000 2017,"@CNN @CNNOpinion He’s running out of chances, He gets worse daily..",0.129,0.647,0.223,-0.3182
3,@CNN,Bee Kay,Thu Nov 02 00:06:00 +0000 2017,@CNN @CNNOpinion WTH. It is so over this is just pulp crap please quit pulling this bs out every time he goes abroa… https://t.co/tzHQn4PjCo,0.077,0.699,0.224,-0.6633
4,@CNN,Desiree,Thu Nov 02 00:06:00 +0000 2017,RT @CNN: The Trump administration has sought cuts to domestic counter-terror programs https://t.co/vb2L3MHa6n https://t.co/xJ3oy2eBfI,0.0,0.855,0.145,-0.296
5,@CNN,Rob Jaimes,Thu Nov 02 00:05:59 +0000 2017,"@WrenchSpinRac @FoxNews @CNN ""Christian"", you call yourself. You're a bigot hiding behind a crucifix.",0.0,0.833,0.167,-0.296
6,@CNN,Shareese Oglesby,Thu Nov 02 00:05:59 +0000 2017,@FoxNews @CNN He’s ignorant and does not know much about Islam. Smh,0.0,0.694,0.306,-0.5267
7,@CNN,Snakes don't talk,Thu Nov 02 00:05:58 +0000 2017,@Dawn_Treloar @debrablueeyes @bisepost1 @FoxNews @CNN It is the same God,0.189,0.811,0.0,0.2732
8,@CNN,Agatha Kerry,Thu Nov 02 00:05:58 +0000 2017,"@CNN @CNNOpinion I think @POTUS acted like a leader #MiddleEast Should he ""be more flexible"" like Obama #UraniumONE… https://t.co/wHWkNrvT8G",0.339,0.661,0.0,0.7346
9,@CNN,Violette Montiel,Thu Nov 02 00:05:58 +0000 2017,RT @FoxNews: .@CNN 's Jake Tapper Says 'Allahu Akbar' Is 'Beautiful' Right After NYC Terror Attack https://t.co/SQ2DWKAUpr,0.0,0.698,0.302,-0.7579
10,@CNN,Ayngel Boshemia,Thu Nov 02 00:05:58 +0000 2017,"@debrablueeyes @bisepost1 @FoxNews @CNN Whoever sacrifices to any god, except the Lord alone, shall be doomed. Exodus 22:19",0.09,0.644,0.266,-0.6249
11,@CNN,rabbithole,Thu Nov 02 00:05:57 +0000 2017,@CNN @CNNOpinion Why? Because he doesn't speak your language of globalism?  Your attack on #trump did not work duri… https://t.co/bMij544Lij,0.0,0.846,0.154,-0.5362
12,@CNN,professor woland,Thu Nov 02 00:05:55 +0000 2017,"@CNN But wait, I thought the Russians gave the election to Trump? Keeping these lies straight is so difficult.",0.084,0.667,0.249,-0.5709
13,@CNN,Jack Cohen,Thu Nov 02 00:05:55 +0000 2017,RT @jacoh55: @CNN @CNNOpinion Dream on.,0.286,0.714,0.0,0.25
14,@CNN,Geoff,Thu Nov 02 00:05:55 +0000 2017,@FoxNews @CNN Wow. Fox is simply moronic,0.304,0.4,0.296,0.0258
15,@CNN,rachel kelly,Thu Nov 02 00:05:54 +0000 2017,"RT @CNN: Paul Manafort has 3 US passports and traveled to Mexico, China and Ecuador with a phone registered under a fake name https://t.co/…",0.0,0.866,0.134,-0.4767
16,@CNN,mike roberts,Thu Nov 02 00:05:54 +0000 2017,"@CNN @realDonaldTrump 
The Russian Troll Farms slithering through social media, before, during and after the electi… https://t.co/TqmmL3dU22",0.0,1.0,0.0,0.0
17,@CNN,Evokin,Thu Nov 02 00:05:53 +0000 2017,@AzzarNTmurt @WeHoGuy1985 @CNN https://t.co/kWDHZb0uZv,0.0,1.0,0.0,0.0
18,@CNN,Mike L.,Thu Nov 02 00:05:53 +0000 2017,@CNN @CNNOpinion What the hell does the COCKROACH NETWORK KNOW ABOUT LEADERSHIP???,0.0,0.682,0.318,-0.7303
19,@CNN,Darvans,Thu Nov 02 00:05:53 +0000 2017,@gsportsjunkie @debrablueeyes @bisepost1 @FoxNews @CNN Explain to us how they are NOT the same god.  Your explanati… https://t.co/NisJq4lRLQ,0.11,0.89,0.0,0.2732
20,@CNN,Greg Haldane,Thu Nov 02 00:05:52 +0000 2017,"@CNN Says the man who degraded women, degraded military vets, degraded minority’s.... hmmmm. President agent orange is on a roll",0.0,0.656,0.344,-0.8126
21,@CNN,ericrunner,Thu Nov 02 00:05:51 +0000 2017,@FoxNews @CNN Talk about cherry picking and spinning a comment/taking it out of context—-you all win the prize for… https://t.co/iawht6Hy6h,0.295,0.705,0.0,0.7964
22,@CNN,Mike,Thu Nov 02 00:05:51 +0000 2017,"RT @WeSupport45: WOW! @AprilDRyan needs to be Fired for idiocy @CNN!
#RETWEET
Visit https://t.co/ZGQ9iC3Voc https://t.co/uNxuUrBRhP",0.236,0.599,0.166,0.3647
23,@CNN,MaryAnn Schorfhaar,Thu Nov 02 00:05:51 +0000 2017,"@Wm_Gattis @THeinrich22 @JosephOmoOsagi1 @FoxNews @CNN Muhammad's history is clear. He was a thief, murderer, sexua… https://t.co/GVQ8Pv5gEN",0.115,0.531,0.354,-0.7506
24,@CNN,Linfong Lee,Thu Nov 02 00:05:51 +0000 2017,"@CNN @CNNOpinion Just like,he never ever be!",0.0,1.0,0.0,0.0
25,@CNN,Don Hicks,Thu Nov 02 00:05:51 +0000 2017,"RT @LauraLoomer: .@andersoncooper GRILLED BY @LauraLoomer live on air. ""Let's talk about how @CNN likes to sponsor #ISIS photo shoots. You…",0.123,0.877,0.0,0.4215
26,@CNN,Richard Steele,Thu Nov 02 00:05:50 +0000 2017,@CNN He's already been charged. What do you want?,0.129,0.693,0.178,-0.128
27,@CNN,A.C. Spollen,Thu Nov 02 00:05:50 +0000 2017,"RT @CNN: Former first lady Laura Bush on the current first family and Trump administration: ""I wish them the very best."" https://t.co/fbiAL…",0.114,0.886,0.0,0.4019
28,@CNN,Joanne Ashton,Thu Nov 02 00:05:49 +0000 2017,"RT @atorres_ryder: @CNN @SHSanders45 I feel bad for the guy that needs to ""service"" her while looking into that face, and those soulless ey…",0.0,0.863,0.137,-0.5423
29,@CNN,Donna,Thu Nov 02 00:05:48 +0000 2017,@FoxNews @CNN Boycott @FoxNews  this is false and didn’t include the entire sentence.,0.089,0.753,0.158,-0.25
30,@CNN,edith crump,Thu Nov 02 00:05:47 +0000 2017,"@CNN @CNNOpinion Meaning.... same as he has thus far.
#MAGA. BEST PRESIDENT EVER!",0.303,0.697,0.0,0.7371
31,@CNN,Kristine Shakhazizia,Thu Nov 02 00:05:46 +0000 2017,@FoxNews @CNN This is awful- faux news APOLOGIZE,0.192,0.539,0.269,-0.2185
32,@CNN,Verse-Atile,Thu Nov 02 00:05:46 +0000 2017,@CNN #spellcheck ? https://t.co/MlLVrJ4SYO,0.0,1.0,0.0,0.0
33,@CNN,Sofie,Thu Nov 02 00:05:45 +0000 2017,@juliebaker12 @stringfellowfr4 @CNN If 2 children (3yo and a 3month old) will never see their mom again cause of th… https://t.co/Eu7xzhi5u3,0.0,1.0,0.0,0.0
34,@CNN,beckyberman,Thu Nov 02 00:05:44 +0000 2017,RT @renato_mariotti: Someone at a meeting with Trump and Papadopoulos told @CNN that Trump didn’t reject meeting Putin. Sessions did. https…,0.0,0.876,0.124,-0.4019
35,@CNN,Amos,Thu Nov 02 00:05:44 +0000 2017,@CNN GOOD!!!!!! This happened on your watch and you’ve done nothing.,0.0,1.0,0.0,0.0
36,@CNN,Mud,Thu Nov 02 00:05:43 +0000 2017,"@CNN Jesus, the cuomos are all sharp as a marble!",0.0,1.0,0.0,0.0
37,@CNN,Rift Raving Rogue,Thu Nov 02 00:05:42 +0000 2017,"@FoxNews @CNN TBH Christians said the same thing after vegas, pulse, and every other national tragedy 
There's your… https://t.co/6zQV9FGJga",0.0,0.804,0.196,-0.6597
38,@CNN,David Edgar Stammel,Thu Nov 02 00:05:41 +0000 2017,@schatzschild @hueyx5 @liz_lrutecki @bisepost1 @Dawn_Treloar @debrablueeyes @FoxNews @CNN All of your gods are made up.  Who cares.,0.158,0.842,0.0,0.4588
39,@CNN,2017 National Champs,Thu Nov 02 00:05:41 +0000 2017,"RT @WeSupport45: WOW! @AprilDRyan needs to be Fired for idiocy @CNN!
#RETWEET
Visit https://t.co/ZGQ9iC3Voc https://t.co/uNxuUrBRhP",0.236,0.599,0.166,0.3647
40,@CNN,dnOC,Thu Nov 02 00:05:40 +0000 2017,@CNN @CNNOpinion CNN:  Why are you giving this slime-bag @realdonaldtrump any hope of becoming an adult?  He is not… https://t.co/9DNVJQYCZz,0.227,0.773,0.0,0.6486
41,@CNN,Joseph Hodges,Thu Nov 02 00:05:40 +0000 2017,@SenSchumer &amp; @NancyPelosi are JOKES like the soak A BLOAK at the carnivals - ?? @realDonaldTrump @VP @CNN @FoxNews @seanhannity @kilmeade,0.235,0.765,0.0,0.6408
42,@CNN,Neo199934,Thu Nov 02 00:05:40 +0000 2017,RT @peterboykin: We Already Knew this #BreakingNews : @CNN is #FakeNews via @MagaFirstNews with @PeterBoykin https://t.co/RH1NLvi4tB,0.0,1.0,0.0,0.0
43,@CNN,christoph macfadden,Thu Nov 02 00:05:40 +0000 2017,RT @Road_King61: @ernestograne @WmWallace1911 @seanhannity @CNN  https://t.co/MJYOsAiKUx,0.0,1.0,0.0,0.0
44,@CNN,Cecilia Quick,Thu Nov 02 00:05:39 +0000 2017,@CNN @CNNOpinion Oh please. That ship has sailed,0.247,0.753,0.0,0.3182
45,@CNN,eduard enrique amaya,Thu Nov 02 00:05:39 +0000 2017,Algún medio podría explicar esto? @JuanManSantos @AlvaroUribeVel @German_Vargas @PCambioRadical @RevistaSemana… https://t.co/W5bikNU7Tg,0.0,1.0,0.0,0.0
46,@CNN,PercipientEye,Thu Nov 02 00:05:39 +0000 2017,RT @FoxNews: .@CNN 's Jake Tapper Says 'Allahu Akbar' Is 'Beautiful' Right After NYC Terror Attack https://t.co/SQ2DWKAUpr,0.0,0.698,0.302,-0.7579
47,@CNN,Lani Michelle 2.0,Thu Nov 02 00:05:39 +0000 2017,@WalshFreedom @CNN That’s what Allah Akbar means.,0.0,1.0,0.0,0.0
48,@CNN,Thom Battle Born,Thu Nov 02 00:05:39 +0000 2017,"RT @AD_WHITMAN: .@CNN I'm not on @facebook...

Next?
https://t.co/CDVj95ZiMK https://t.co/qSwvBWaU6U",0.0,1.0,0.0,0.0
49,@CNN,idiot battler,Thu Nov 02 00:05:38 +0000 2017,@KORANISBURNING @SKGrosjean @amndvlnt @ad4danes @WalshFreedom @CNN It’s not. it’s stating their belief,0.0,1.0,0.0,0.0
50,@CNN,VACUOUS CIPHER,Thu Nov 02 00:05:36 +0000 2017,RT @FoxNews: .@CNN 's Jake Tapper Says 'Allahu Akbar' Is 'Beautiful' Right After NYC Terror Attack https://t.co/SQ2DWKAUpr,0.0,0.698,0.302,-0.7579
51,@CNN,??? ?#?????#??????,Thu Nov 02 00:05:35 +0000 2017,RT @CNN: The upcoming Asia trip is a chance for President Trump to act like a leader | via @CNNopinion  https://t.co/YGyhfxbK9Y https://t.c…,0.209,0.791,0.0,0.5423
52,@CNN,Sandy Hill,Thu Nov 02 00:05:35 +0000 2017,"@CNN @CNNOpinion yea see that happening, idiot,",0.0,0.645,0.355,-0.5106
53,@CNN,Winning!,Thu Nov 02 00:05:35 +0000 2017,@CNN Its a failure...just like Obama,0.385,0.615,0.0,0.3612
54,@CNN,Debi Jarrell,Thu Nov 02 00:05:35 +0000 2017,@The_MonkeyMike @CNN You keep throwing the term lesbian at me like I’m supposed 2b afraid or something.  I have goo… https://t.co/AySCYK1Q8g,0.116,0.884,0.0,0.3612
55,@CNN,CNN-WORLD NEWS,Thu Nov 02 00:05:34 +0000 2017,#RT @CNN: The Trump administration has sought cuts to domestic counter-terror programs https://t.co/GwYsOcAPSQ https://t.co/NyLqkCuyVu,0.0,0.855,0.145,-0.296
56,@CNN,Wayne Slaven,Thu Nov 02 00:05:34 +0000 2017,@FoxNews @CNN And your point is ...,0.0,1.0,0.0,0.0
57,@CNN,CNN-WORLD NEWS,Thu Nov 02 00:05:34 +0000 2017,#RT @CNN: The New York City Marathon will go on as planned this weekend -- but with beefed-up security … https://t.co/fpzGiGo1Id,0.14,0.86,0.0,0.4767
58,@CNN,betty jo,Thu Nov 02 00:05:33 +0000 2017,Maybe @IvankaTrump  can bling them out for her hubby @jaredkushner  &amp; her brother @DonaldJTrumpJr Guilty dudes &amp; u… https://t.co/dYo1mGKowm,0.0,0.865,0.135,-0.4215
59,@CNN,Justin R,Thu Nov 02 00:05:33 +0000 2017,@MelvinBagby @CNN I’ve gotten news elsewhere since they chased after ratings during trump campaign and gave him billions in free coverage.,0.142,0.858,0.0,0.5106
60,@CNN,Ayngel Boshemia,Thu Nov 02 00:05:33 +0000 2017,"@debrablueeyes @bisepost1 @FoxNews @CNN If a man commits adultery with another man’s wife, both the man and the wom… https://t.co/oXYkB3ZVXy",0.058,0.942,0.0,0.0258
61,@CNN,Chico-Damus,Thu Nov 02 00:05:33 +0000 2017,@dramaQkarri @SCarlottiTweet @FreeStuffTester @elanajoy1982 @LynnLynniepoo @KeithOlbermann @chrislhayes @maddow… https://t.co/IEJ2lhAxEC,0.0,1.0,0.0,0.0
62,@CNN,CNN-WORLD NEWS,Thu Nov 02 00:05:32 +0000 2017,#RT @CNN: The Russia investigation is raising the stakes on President Trump’s upcoming Asia trip … https://t.co/ZjbFNfRGji,0.0,1.0,0.0,0.0
63,@CNN,cafeenfre,Thu Nov 02 00:05:31 +0000 2017,"@FoxNews @CNN Fox ""news"" you are all damn liars. Not at all what he said and you all know it. Desperation's a bitch isn't it.",0.0,0.68,0.32,-0.872
64,@CNN,Stew Bunyan,Thu Nov 02 00:05:31 +0000 2017,@LFTGLF4 @FoxNews @CNN Take fucking 2 seconds to research before you blindly accept something as truth,0.274,0.726,0.0,0.5994
65,@CNN,CNN-WORLD NEWS,Thu Nov 02 00:05:31 +0000 2017,#RT @CNN: President Trump kills rule that made it easier for people to sue banks https://t.co/pv6AkBsAlm https://t.co/m1CUkvEx18,0.131,0.704,0.164,-0.1779
66,@CNN,Mary Ramirez ?,Thu Nov 02 00:05:31 +0000 2017,@FoxNews @CNN Y'all be lying,0.0,0.541,0.459,-0.5267
67,@CNN,CNN-WORLD NEWS,Thu Nov 02 00:05:31 +0000 2017,#RT @CNN: Former first lady Michelle Obama to young people: Never tweet (sort of) https://t.co/E7HZ7sDnDd https://t.co/MuT0G5GQUf,0.0,1.0,0.0,0.0
68,@CNN,Debra Woodhouse,Thu Nov 02 00:05:30 +0000 2017,@hueyx5 @liz_lrutecki @bisepost1 @Dawn_Treloar @debrablueeyes @FoxNews @CNN Yes but not through the chosen son. JES… https://t.co/aB73ALFeXf,0.11,0.89,0.0,0.2144
69,@CNN,CNN-WORLD NEWS,Thu Nov 02 00:05:30 +0000 2017,#RT @CNN: Former President Obama wants you to know Obamacare open enrollment has begun https://t.co/9djuVdPAdY https://t.co/Qfl6Ebd6cr,0.0,1.0,0.0,0.0
70,@CNN,CNN-WORLD NEWS,Thu Nov 02 00:05:29 +0000 2017,#RT @CNN: Seen these before? You may have been targeted by Russian ads on Facebook https://t.co/eKdvVTTZCz https://t.co/A2jtSINh0q,0.0,1.0,0.0,0.0
71,@CNN,Ndngoddess,Thu Nov 02 00:05:29 +0000 2017,@FoxNews @CNN Doofus,0.0,1.0,0.0,0.0
72,@CNN,MK,Thu Nov 02 00:05:29 +0000 2017,@shaunlysen @THeinrich22 @JosephOmoOsagi1 @FoxNews @CNN They have no idea they are just caught up and it’s both pathetic and scary,0.0,0.651,0.349,-0.8442
73,@CNN,SydneyDiane,Thu Nov 02 00:05:29 +0000 2017,@FoxNews @CNN Purposely taken out of context to inflame the Cult.Nothing new here.Shameful...?????,0.0,1.0,0.0,0.0
74,@CNN,White Guy,Thu Nov 02 00:05:29 +0000 2017,"RT @WeSupport45: WOW! @AprilDRyan needs to be Fired for idiocy @CNN!
#RETWEET
Visit https://t.co/ZGQ9iC3Voc https://t.co/uNxuUrBRhP",0.236,0.599,0.166,0.3647
75,@CNN,Daniel Smith,Thu Nov 02 00:05:28 +0000 2017,@svenosaurus @sapinker @CNN *shrug* have it your way,0.0,1.0,0.0,0.0
76,@CNN,CNN-WORLD NEWS,Thu Nov 02 00:05:28 +0000 2017,#RT @CNN: Investigators found nearly 100 videos and thousands of images of ISIS propaganda on the NYC attack suspe… https://t.co/YaNmSdTpcO,0.0,0.779,0.221,-0.6249
77,@CNN,Susan Vinci,Thu Nov 02 00:05:28 +0000 2017,@neelyba @CNN You don’t know me. And I do not want to know you. Bye bye,0.0,0.92,0.08,-0.0572
78,@CNN,CmdrDarjeeling,Thu Nov 02 00:05:28 +0000 2017,@FoxNews @CNN What is the Context of how this is being discussed @FoxNews? Or are we ignoring Context?,0.0,0.847,0.153,-0.4696
79,@CNN,??Tyson Hickey??,Thu Nov 02 00:05:27 +0000 2017,@KFILE @JeffreyGoldberg @jaketapper Actually it’s exactly what @jaketapper @CNN do daily #FakeNews,0.0,1.0,0.0,0.0
80,@CNN,CNN-WORLD NEWS,Thu Nov 02 00:05:27 +0000 2017,#RT @CNN: Update: The FBI is no longer seeking information about a second individual in connection with the NYC at… https://t.co/fANF2sH7fo,0.0,0.896,0.104,-0.296
81,@CNN,Lila Lilly,Thu Nov 02 00:05:27 +0000 2017,"@msnbc @CNN @FoxNews  @NewsHour 
Let’s use faceless avatars w/the caption “Dead (wounded)Terrorist” when covering these attacks.No publicity",0.0,1.0,0.0,0.0
82,@CNN,Lisa Marie,Thu Nov 02 00:05:27 +0000 2017,@gluegun000 @realDonJTrumph @CNN So he yells in her face disrespectfully and roughly arrests her? Sounds like abuse… https://t.co/L8Q6TPlWh6,0.117,0.748,0.136,-0.1027
83,@CNN,peter leslie,Thu Nov 02 00:05:27 +0000 2017,"RT @lionheartleojai: @rhysam @BBCWorld @CNN @nytimes @AlJazeera_World @UN Let's call it for what it is:
Australia is committing crimes agai…",0.064,0.936,0.0,0.0772
84,@CNN,adam,Thu Nov 02 00:05:26 +0000 2017,"RT @tonyfelice: @WalshFreedom @CNN That one translates to ""pay your child support""",0.191,0.709,0.099,0.3182
85,@CNN,????,Thu Nov 02 00:05:25 +0000 2017,@FoxNews @CNN Get a grip. This is the reporting of lazy or disingenuous amateurs. He did not say this. You lie by removing context.,0.0,0.898,0.102,-0.3612
86,@CNN,stephen horan,Thu Nov 02 00:05:25 +0000 2017,@CNN @CNNOpinion PRESIDENT TRUMP MAKING AMERICA GREAT AGAIN WHAT A GREAT LEADER AND STATESMAN,0.468,0.532,0.0,0.8926
87,@CNN,Michelle,Thu Nov 02 00:05:25 +0000 2017,RT @CNN: The Trump administration has sought cuts to domestic counter-terror programs https://t.co/vb2L3MHa6n https://t.co/xJ3oy2eBfI,0.0,0.855,0.145,-0.296
88,@CNN,adam,Thu Nov 02 00:05:25 +0000 2017,"RT @tonyfelice: @WalshFreedom @CNN Hey Joe–""Allahu Akbar"" translates to ""God Is Great""
Here's another one that might come in handy: ""Daf'A…",0.246,0.754,0.0,0.7351
89,@CNN,Jack. Kenrie,Thu Nov 02 00:05:25 +0000 2017,@FoxNews @CNN Unhinged leftist forgot about the founders of the USA. It’s a country now. Founded by a bunch of old… https://t.co/2dDeojHaAX,0.0,1.0,0.0,0.0
90,@CNN,Franco4Life,Thu Nov 02 00:05:24 +0000 2017,@CNNPolitics @CNN Trump has NEVER acted like anything other than a Monkeys Butt,0.185,0.815,0.0,0.3612
91,@CNN,????,Thu Nov 02 00:05:23 +0000 2017,RT @CNN: The upcoming Asia trip is a chance for President Trump to act like a leader | via @CNNopinion  https://t.co/YGyhfxbK9Y https://t.c…,0.209,0.791,0.0,0.5423
92,@CNN,Karen O'Donnell,Thu Nov 02 00:05:23 +0000 2017,"RT @seanhannity: So @CNN is obsessed with Fox, NOBODY trusts them, nor should they. Thank you “irredeemable deplorable friends!” https://t.…",0.127,0.695,0.178,0.0819
93,@CNN,Helder Gil,Thu Nov 02 00:05:23 +0000 2017,@FoxNews @CNN The lack of a byline on this fake news... https://t.co/Tefp5vMlwk,0.0,0.603,0.397,-0.7118
94,@CNN,Jay Gaudinier,Thu Nov 02 00:05:21 +0000 2017,"@CNN If it was up to de Blasio, there would be ISIS flags all over the hospital. He might even use his own personal flag.",0.0,1.0,0.0,0.0
95,@CNN,Harloween,Thu Nov 02 00:05:21 +0000 2017,@freetimeectomy @FoxNews @CNN Perhaps you dont understand sarcasm,0.192,0.808,0.0,0.1695
96,@CNN,EllyDavis,Thu Nov 02 00:05:20 +0000 2017,@CNN He personally was the butt of jokes before he ran for president. Most of what he's done since has cemented that.,0.087,0.913,0.0,0.25
97,@CNN,Maggie,Thu Nov 02 00:05:20 +0000 2017,@CNN @CNNOpinion Good luck with Trump acting like a leader.,0.583,0.417,0.0,0.8126
98,@CNN,Genie,Thu Nov 02 00:05:19 +0000 2017,@FoxNews @RLTW14 @CNN What a insensitive idiot!,0.0,0.421,0.579,-0.6696
99,@CNN,camp56,Thu Nov 02 00:05:19 +0000 2017,RT @FoxNews: .@CNN 's Jake Tapper Says 'Allahu Akbar' Is 'Beautiful' Right After NYC Terror Attack https://t.co/SQ2DWKAUpr,0.0,0.698,0.302,-0.7579
100,@FoxNews,Buddy bighead,Thu Nov 02 00:06:04 +0000 2017,"RT @FoxNews: .@POTUS: ""I am today starting the process of terminating the Diversity Lottery Program."" https://t.co/Ov5e9C1dKI",0.0,1.0,0.0,0.0
101,@FoxNews,Mensans for USA,Thu Nov 02 00:06:03 +0000 2017,RT @FoxNews: .@CNN 's Jake Tapper Says 'Allahu Akbar' Is 'Beautiful' Right After NYC Terror Attack https://t.co/SQ2DWKAUpr,0.0,0.698,0.302,-0.7579
102,@FoxNews,ted Nutaits,Thu Nov 02 00:06:03 +0000 2017,"@jaketapper @FoxNews @DailyCaller @infowars fakenews' jake I'm a trippen, tells America he and his band of 2ndrate actors never lie! A lie!",0.0,1.0,0.0,0.0
103,@FoxNews,Gina De.,Thu Nov 02 00:06:03 +0000 2017,RT @IngrahamAngle: Tune in to my EXCLUSIVE interview w/ Supreme Court Justice Clarence Thomas. TONIGHT on 10p ET @FoxNews https://t.co/WcA4…,0.352,0.648,0.0,0.8494
104,@FoxNews,Jon Reynolds,Thu Nov 02 00:06:02 +0000 2017,"Trump vows to end non merit-base immigration, punish 'animals' who commit terror via the @FoxNews App https://t.co/aRp5g0mRlP",0.096,0.609,0.296,-0.6808
105,@FoxNews,BenFeminzai,Thu Nov 02 00:06:02 +0000 2017,@MCunninghamAJC @OKComputer23 @jaketapper @FoxNews @DailyCaller @infowars How is it ironic? You’re not operating in context here....,0.0,0.909,0.091,-0.128
106,@FoxNews,Ackmanscam,Thu Nov 02 00:06:02 +0000 2017,"RT @FoxNews: Nunes on #Trump dossier: ""The whole idea that Republicans started this dossier - we have absolutely no evidence of that."" #The…",0.0,0.894,0.106,-0.3597
107,@FoxNews,Little Jackie ???,Thu Nov 02 00:06:02 +0000 2017,@KeithOlbermann @FoxNews What will happen to Hannity and the rest when Mueller proves every bloody count of every bloody indictment?,0.0,0.756,0.244,-0.7003
108,@FoxNews,Josh Canaday,Thu Nov 02 00:06:02 +0000 2017,@jaketapper @FoxNews @DailyCaller @infowars Fox Newsies don’t realize that Fox is owned by an Australian and a Saudi,0.0,1.0,0.0,0.0
109,@FoxNews,ChrisC,Thu Nov 02 00:06:01 +0000 2017,"@jaketapper @FoxNews @DailyCaller @infowars Congress should have put Fox “news “ at the table with FB, Twitter, Goo… https://t.co/8rqUEmCM6h",0.0,1.0,0.0,0.0
110,@FoxNews,Joseph Silber,Thu Nov 02 00:06:01 +0000 2017,@jaketapper @FoxNews @DailyCaller @infowars Jake- why are you too stubborn to admit when you’re wrong? @FoxNews rep… https://t.co/raF9g9zOnW,0.08,0.664,0.257,-0.6124
111,@FoxNews,Dora Mary Ayala,Thu Nov 02 00:06:01 +0000 2017,@FoxNews,0.0,1.0,0.0,0.0
112,@FoxNews,tibbidoe,Thu Nov 02 00:06:00 +0000 2017,RT @KeithOlbermann: It is important to remember that for two decades @foxnews has been at peace with the erasure of American freedoms and w…,0.263,0.737,0.0,0.7579
113,@FoxNews,Barbara,Thu Nov 02 00:06:00 +0000 2017,RT @jaketapper: .@FoxNews chooses instead to deliberately lie about what I said. Following the slime-coated path of @DailyCaller and @infow…,0.0,1.0,0.0,0.0
114,@FoxNews,(((Libby))),Thu Nov 02 00:06:00 +0000 2017,RT @KeithOlbermann: It is important to remember that for two decades @foxnews has been at peace with the erasure of American freedoms and w…,0.263,0.737,0.0,0.7579
115,@FoxNews,Jim Cali,Thu Nov 02 00:06:00 +0000 2017,"RT @katxarielle: #HappyNovember #MyDNAStory
Half Asian/Hispanic speak Spanish &amp; Chinese too #WednesdayWisdom Aspire to be a @FoxNews anchor…",0.0,1.0,0.0,0.0
116,@FoxNews,zelidasquare,Thu Nov 02 00:05:59 +0000 2017,RT @FoxNews: .@FBI currently seeking the public's assistance with information about Mukhammadzoir Kadirov in relation to the deadly NYC ter…,0.0,1.0,0.0,0.0
117,@FoxNews,Rob Jaimes,Thu Nov 02 00:05:59 +0000 2017,"@WrenchSpinRac @FoxNews @CNN ""Christian"", you call yourself. You're a bigot hiding behind a crucifix.",0.0,0.833,0.167,-0.296
118,@FoxNews,Asteroid3821,Thu Nov 02 00:05:59 +0000 2017,RT @jaketapper: .@FoxNews chooses instead to deliberately lie about what I said. Following the slime-coated path of @DailyCaller and @infow…,0.0,1.0,0.0,0.0
119,@FoxNews,Shareese Oglesby,Thu Nov 02 00:05:59 +0000 2017,@FoxNews @CNN He’s ignorant and does not know much about Islam. Smh,0.0,0.694,0.306,-0.5267
120,@FoxNews,StrategyCamp,Thu Nov 02 00:05:58 +0000 2017,"@TuckerCarlson @FoxNews We've got to start asking ourselves...
https://t.co/mq54hEO50F",0.0,1.0,0.0,0.0
121,@FoxNews,?Annie ?,Thu Nov 02 00:05:58 +0000 2017,RT @IngrahamAngle: Tune in to my EXCLUSIVE interview w/ Supreme Court Justice Clarence Thomas. TONIGHT on 10p ET @FoxNews https://t.co/WcA4…,0.352,0.648,0.0,0.8494
122,@FoxNews,Snakes don't talk,Thu Nov 02 00:05:58 +0000 2017,@Dawn_Treloar @debrablueeyes @bisepost1 @FoxNews @CNN It is the same God,0.189,0.811,0.0,0.2732
123,@FoxNews,Agatha Kerry,Thu Nov 02 00:05:58 +0000 2017,"@CNN @CNNOpinion I think @POTUS acted like a leader #MiddleEast Should he ""be more flexible"" like Obama #UraniumONE… https://t.co/wHWkNrvT8G",0.339,0.661,0.0,0.7346
124,@FoxNews,bill,Thu Nov 02 00:05:58 +0000 2017,@FoxNews  https://t.co/lTlQyfEOgG,0.0,1.0,0.0,0.0
125,@FoxNews,Lela Ann Pearigen,Thu Nov 02 00:05:58 +0000 2017,"@TuckerCarlson @FoxNews, that's funny coming from a crook. I guess u didn't get canned I see u r on TV right now.",0.162,0.838,0.0,0.4404
126,@FoxNews,Trump Lies Again!,Thu Nov 02 00:05:58 +0000 2017,"RT @trump_lies_lies: @FoxNews @Slate August 2017: Trump Told Fox News to Frame Dems for Seth Rich Murder, Lawsuit Claims https://t.co/mQxHy…",0.132,0.625,0.243,-0.4588
127,@FoxNews,Violette Montiel,Thu Nov 02 00:05:58 +0000 2017,RT @FoxNews: .@CNN 's Jake Tapper Says 'Allahu Akbar' Is 'Beautiful' Right After NYC Terror Attack https://t.co/SQ2DWKAUpr,0.0,0.698,0.302,-0.7579
128,@FoxNews,Ayngel Boshemia,Thu Nov 02 00:05:58 +0000 2017,"@debrablueeyes @bisepost1 @FoxNews @CNN Whoever sacrifices to any god, except the Lord alone, shall be doomed. Exodus 22:19",0.09,0.644,0.266,-0.6249
129,@FoxNews,Richard S. Kimball,Thu Nov 02 00:05:57 +0000 2017,"RT @bob_bouchet: @TweeterMoses @FoxNews what does a program for diversity mean?

""we are hiring only ppl born on Tuesdays and screw all the…",0.0,0.938,0.062,-0.1027
130,@FoxNews,Robert Watson,Thu Nov 02 00:05:57 +0000 2017,"RT @FoxNews: Paul: ""Maybe we should stop certain countries from sending people here for awhile. It's not like you have a right to move to o…",0.074,0.774,0.152,-0.2982
131,@FoxNews,You Started It,Thu Nov 02 00:05:57 +0000 2017,"RT @FoxNews: .@POTUS: ""I am today starting the process of terminating the Diversity Lottery Program."" https://t.co/Ov5e9C1dKI",0.0,1.0,0.0,0.0
132,@FoxNews,Mariam ?,Thu Nov 02 00:05:56 +0000 2017,"@jaketapper ""Allah Akbar"" literally means ""god is great"" in Arabic, don't the majority of ppl in @FoxNews along wit… https://t.co/EQRmVaxx7y",0.256,0.744,0.0,0.7351
133,@FoxNews,Cristina Ortiz,Thu Nov 02 00:05:56 +0000 2017,RT @jaketapper: .@FoxNews chooses instead to deliberately lie about what I said. Following the slime-coated path of @DailyCaller and @infow…,0.0,1.0,0.0,0.0
134,@FoxNews,Cathy Linefsky,Thu Nov 02 00:05:56 +0000 2017,"@TotalyNotHitler @KeithOlbermann @FoxNews You already “won” last November. From what most are seeing, you’re mostly… https://t.co/l4iF0de9Oc",0.0,1.0,0.0,0.0
135,@FoxNews,Big Al,Thu Nov 02 00:05:56 +0000 2017,"RT @FoxNews: Nunes on #Trump dossier: ""The whole idea that Republicans started this dossier - we have absolutely no evidence of that."" #The…",0.0,0.894,0.106,-0.3597
136,@FoxNews,Steven R.,Thu Nov 02 00:05:55 +0000 2017,"@_LilMissThang_ @FoxNews Your shock is, less than genuine?",0.0,0.729,0.271,-0.3818
137,@FoxNews,Scrambull ?,Thu Nov 02 00:05:55 +0000 2017,"RT @FoxNews: Nunes on #Trump dossier: ""The whole idea that Republicans started this dossier - we have absolutely no evidence of that."" #The…",0.0,0.894,0.106,-0.3597
138,@FoxNews,Geoff,Thu Nov 02 00:05:55 +0000 2017,@FoxNews @CNN Wow. Fox is simply moronic,0.304,0.4,0.296,0.0258
139,@FoxNews,MorbusMentis????,Thu Nov 02 00:05:55 +0000 2017,RT @KeithOlbermann: It is important to remember that for two decades @foxnews has been at peace with the erasure of American freedoms and w…,0.263,0.737,0.0,0.7579
140,@FoxNews,Rane,Thu Nov 02 00:05:55 +0000 2017,RT @KeithOlbermann: It is important to remember that for two decades @foxnews has been at peace with the erasure of American freedoms and w…,0.263,0.737,0.0,0.7579
141,@FoxNews,Tammie Galloy,Thu Nov 02 00:05:54 +0000 2017,"RT @FoxNews: .@POTUS: ""I am today starting the process of terminating the Diversity Lottery Program."" https://t.co/AYI2fQAdTo",0.0,1.0,0.0,0.0
142,@FoxNews,Nick Martinez,Thu Nov 02 00:05:54 +0000 2017,"RT @FoxNews: One World Trade Center is lit in red, white and blue in honor of ""freedom &amp; democracy"" after today's deadly terror attack in N…",0.206,0.613,0.181,0.2263
143,@FoxNews,randy axline,Thu Nov 02 00:05:54 +0000 2017,"@uncledanny_69 @FoxNews Too bad, his constituents must be ignorant and anti-American!",0.0,0.604,0.396,-0.7088
144,@FoxNews,Shane Schell,Thu Nov 02 00:05:54 +0000 2017,@RichSmith51667 @pinecenega @UnimpressedTX @24_7EyeRoll @flowjoe87 @FoxNews @POTUS Good thing we don't have anythin… https://t.co/WuEZkVeKaL,0.182,0.818,0.0,0.4404
145,@FoxNews,barbara allison,Thu Nov 02 00:05:53 +0000 2017,"RT @FoxNews: .@PressSec on @POTUS' use of Twitter: ""It's always a benefit for @POTUS to speak directly to the American people without...bia…",0.13,0.87,0.0,0.4588
146,@FoxNews,Resist,Thu Nov 02 00:05:53 +0000 2017,RT @KeithOlbermann: It is important to remember that for two decades @foxnews has been at peace with the erasure of American freedoms and w…,0.263,0.737,0.0,0.7579
147,@FoxNews,Darvans,Thu Nov 02 00:05:53 +0000 2017,@gsportsjunkie @debrablueeyes @bisepost1 @FoxNews @CNN Explain to us how they are NOT the same god.  Your explanati… https://t.co/NisJq4lRLQ,0.11,0.89,0.0,0.2732
148,@FoxNews,Owanna Victory,Thu Nov 02 00:05:52 +0000 2017,"RT @FoxNews: Nunes on #Trump dossier: ""The whole idea that Republicans started this dossier - we have absolutely no evidence of that."" #The…",0.0,0.894,0.106,-0.3597
149,@FoxNews,Anglo/Saxons & Trump,Thu Nov 02 00:05:52 +0000 2017,"@FoxNews @FBI So FBI 'wants' info so they can fucking sit on it or hide it? Fool me once, you SOB's @FBI",0.0,0.813,0.187,-0.5574
150,@FoxNews,SOTEX 2239?,Thu Nov 02 00:05:52 +0000 2017,@sevenafterfour @jacuzzigal @SoulMuzik1 @Asht0ny @FoxNews @POTUS I think you need to move to a country that more su… https://t.co/170LLME4vY,0.0,1.0,0.0,0.0
151,@FoxNews,Tortured D.C. Fan,Thu Nov 02 00:05:52 +0000 2017,RT @jaketapper: .@FoxNews chooses instead to deliberately lie about what I said. Following the slime-coated path of @DailyCaller and @infow…,0.0,1.0,0.0,0.0
152,@FoxNews,ericrunner,Thu Nov 02 00:05:51 +0000 2017,@FoxNews @CNN Talk about cherry picking and spinning a comment/taking it out of context—-you all win the prize for… https://t.co/iawht6Hy6h,0.295,0.705,0.0,0.7964
153,@FoxNews,Linda Garriss,Thu Nov 02 00:05:51 +0000 2017,"RT @JackBones10: Grassley introduces new FARA legislation amid Manafort indictment, Podesta probe via the @FoxNews app https://t.co/CVrjAT9…",0.0,1.0,0.0,0.0
154,@FoxNews,Main Street Muse,Thu Nov 02 00:05:51 +0000 2017,LOL! First time Clarence speaks to to Ingraham on @FoxNews. No bias there... https://t.co/rYyfSsxOEz,0.192,0.597,0.211,0.3016
155,@FoxNews,MaryAnn Schorfhaar,Thu Nov 02 00:05:51 +0000 2017,"@Wm_Gattis @THeinrich22 @JosephOmoOsagi1 @FoxNews @CNN Muhammad's history is clear. He was a thief, murderer, sexua… https://t.co/GVQ8Pv5gEN",0.115,0.531,0.354,-0.7506
156,@FoxNews,Scott Francis ?,Thu Nov 02 00:05:51 +0000 2017,RT @jaketapper: .@FoxNews chooses instead to deliberately lie about what I said. Following the slime-coated path of @DailyCaller and @infow…,0.0,1.0,0.0,0.0
157,@FoxNews,Greg Woolley,Thu Nov 02 00:05:51 +0000 2017,"Maybe get your facts from Law Enforcement instead of @foxnews , dumbass! https://t.co/P9NI5z2AC6",0.0,0.739,0.261,-0.5983
158,@FoxNews,E.j.boudreaux,Thu Nov 02 00:05:51 +0000 2017,"RT @FoxNews: Trump vows to end non merit-base immigration, punish 'animals' who commit terror (via @josephweber19)  https://t.co/0gt4e3QrCn",0.096,0.609,0.296,-0.6808
159,@FoxNews,Illinois&Chiraqtruth,Thu Nov 02 00:05:50 +0000 2017,@TuckerCarlson @FoxNews Yeah no shite,0.297,0.405,0.297,0.0
160,@FoxNews,Carolyn Kleinpeter,Thu Nov 02 00:05:50 +0000 2017,"RT @FoxNews: Paul: ""Maybe we should stop certain countries from sending people here for awhile. It's not like you have a right to move to o…",0.074,0.774,0.152,-0.2982
161,@FoxNews,Lorraine Dingey,Thu Nov 02 00:05:50 +0000 2017,@RichAmericanDoc @SheriffClarke @seanhannity @FoxNews @FoxBusiness @foxandfriends Do you know what the word depraved means?? That’s you,0.0,1.0,0.0,0.0
162,@FoxNews,Trump Lies Again!,Thu Nov 02 00:05:50 +0000 2017,"@FoxNews @Slate August 2017: Trump Told Fox News to Frame Dems for Seth Rich Murder, Lawsuit Claims… https://t.co/aYFOqB0VNK",0.143,0.595,0.262,-0.4588
163,@FoxNews,Anjana Roy,Thu Nov 02 00:05:50 +0000 2017,@jaketapper @FoxNews @DailyCaller @infowars It would be great if other reporters &amp; network start pointing out daily… https://t.co/XvjkcbfjyT,0.194,0.806,0.0,0.6249
164,@FoxNews,DeplorablePoppinator,Thu Nov 02 00:05:50 +0000 2017,"RT @FoxNews: .@IngrahamAngle: Americans are not going to accept radical Islamic terrorism as the ""new normal"" https://t.co/elW7gg5xBb",0.0,0.689,0.311,-0.7772
165,@FoxNews,Louie,Thu Nov 02 00:05:50 +0000 2017,@jaketapper @FoxNews @DailyCaller @infowars It's not fox that is sick it's you,0.0,0.769,0.231,-0.5106
166,@FoxNews,Unified Me,Thu Nov 02 00:05:49 +0000 2017,@Ttutt110 @SheriffClarke @seanhannity @FoxNews @FoxBusiness @foxandfriends @POTUS He is not a sheriff and should no… https://t.co/8Aegp1k285,0.0,1.0,0.0,0.0
167,@FoxNews,Vote Trump,Thu Nov 02 00:05:49 +0000 2017,"RT @FoxNews: Nunes on #Trump dossier: ""The whole idea that Republicans started this dossier - we have absolutely no evidence of that."" #The…",0.0,0.894,0.106,-0.3597
168,@FoxNews,Stanley Orlek,Thu Nov 02 00:05:49 +0000 2017,@TrumpsSuckBalls @SHERRYLGODFREY1 @FoxNews @KatiePavlich @NYCMayor If I did one of these on Hillary it would make T… https://t.co/cyG9GjaGnb,0.0,1.0,0.0,0.0
169,@FoxNews,Getty,Thu Nov 02 00:05:49 +0000 2017,"@stop_ur_crap @FoxNews @WilliamJBennett Odd. The left is afraid of guns, not the people who use them to break the law.",0.0,0.892,0.108,-0.3182
170,@FoxNews,Michael Julihen,Thu Nov 02 00:05:49 +0000 2017,@FoxNews @WilliamJBennett Trust in God and in your Commander-in-Chief President Donald J. Trump. DO WHAT HE SAYS. D… https://t.co/5pcM9iLf45,0.241,0.759,0.0,0.6597
171,@FoxNews,Donna,Thu Nov 02 00:05:48 +0000 2017,@FoxNews @CNN Boycott @FoxNews  this is false and didn’t include the entire sentence.,0.089,0.753,0.158,-0.25
172,@FoxNews,Roy Ellis,Thu Nov 02 00:05:48 +0000 2017,@KeithOlbermann @FoxNews He said it,0.0,1.0,0.0,0.0
173,@FoxNews,Chris,Thu Nov 02 00:05:48 +0000 2017,@FoxNews Anything to not talk about the actual investigation into foreign intervention in an American election. You… https://t.co/0UWWaXJF4D,0.0,1.0,0.0,0.0
174,@FoxNews,Anthony E,Thu Nov 02 00:05:47 +0000 2017,@Suprmanj @eb0ni_J @tonyromano1000 @mmadwin @MartyMarty222 @WhiteHouse @SHSanders45 @seanhannity @foxandfriends… https://t.co/ArfAtioy92,0.0,1.0,0.0,0.0
175,@FoxNews,ESEE,Thu Nov 02 00:05:46 +0000 2017,@SheriffClarke @seanhannity @FoxNews @FoxBusiness @foxandfriends YOU AREN'T A SHERIFF. COSPLAY GOP!,0.0,1.0,0.0,0.0
176,@FoxNews,Herecomesthesun,Thu Nov 02 00:05:46 +0000 2017,@KeithOlbermann @FoxNews He actually did say that,0.0,1.0,0.0,0.0
177,@FoxNews,Kristine Shakhazizia,Thu Nov 02 00:05:46 +0000 2017,@FoxNews @CNN This is awful- faux news APOLOGIZE,0.192,0.539,0.269,-0.2185
178,@FoxNews,?Sunshine?,Thu Nov 02 00:05:46 +0000 2017,RT @DeborahWayman1: @FoxNews  https://t.co/5sKHYDbzsM,0.0,1.0,0.0,0.0
179,@FoxNews,Narda Chierici,Thu Nov 02 00:05:46 +0000 2017,"RT @jaketapper: @FoxNews @DailyCaller @infowars And yes, I know they do this all the time. Still, literally the day after this horrific att…",0.097,0.716,0.188,-0.5499
180,@FoxNews,Nonz,Thu Nov 02 00:05:45 +0000 2017,RT @KeithOlbermann: It is important to remember that for two decades @foxnews has been at peace with the erasure of American freedoms and w…,0.263,0.737,0.0,0.7579
181,@FoxNews,Travis Kisner,Thu Nov 02 00:05:45 +0000 2017,"RT @jaketapper: @FoxNews @DailyCaller @infowars And yes, I know they do this all the time. Still, literally the day after this horrific att…",0.097,0.716,0.188,-0.5499
182,@FoxNews,The Real Maureen E.,Thu Nov 02 00:05:45 +0000 2017,RT @jaketapper: .@FoxNews chooses instead to deliberately lie about what I said. Following the slime-coated path of @DailyCaller and @infow…,0.0,1.0,0.0,0.0
183,@FoxNews,JoAnn,Thu Nov 02 00:05:45 +0000 2017,@jaketapper .@FoxNews isn't news it's state-run propaganda. Lying is their job/motto. They are #FakeNews,0.0,0.69,0.31,-0.6597
184,@FoxNews,Dee Stewat,Thu Nov 02 00:05:45 +0000 2017,"@FoxNews Duh, it was started by Hillary Clinton, she paid for it.",0.0,1.0,0.0,0.0
185,@FoxNews,RUReady4NSA? ??,Thu Nov 02 00:05:45 +0000 2017,@jaketapper @FoxNews @DailyCaller @infowars Nice distinction but not much difference. I heard your words. Poorly ti… https://t.co/WhT896h4Te,0.112,0.888,0.0,0.2263
186,@FoxNews,William L Tunstall,Thu Nov 02 00:05:44 +0000 2017,RT @KeithOlbermann: It is important to remember that for two decades @foxnews has been at peace with the erasure of American freedoms and w…,0.263,0.737,0.0,0.7579
187,@FoxNews,"ZAZ TUROC, PhD ?",Thu Nov 02 00:05:44 +0000 2017,"RT @FoxNews: .@PressSec: ""@POTUS strongly supports making sure that the people that come here want to be here for the right reasons."" https…",0.301,0.699,0.0,0.7351
188,@FoxNews,Larry Asselin,Thu Nov 02 00:05:44 +0000 2017,@jaketapper Why wouldn’t @FoxNews get this wrong too Jake. They can’t seem to get anything else right.,0.0,0.815,0.185,-0.561
189,@FoxNews,carol@carol2017ca,Thu Nov 02 00:05:43 +0000 2017,"@CDoranHarader @FoxNewsSunday @FoxNews Totally agree with you, Doran...I've been noticing the shift..don't watch hi… https://t.co/TCEfdrOCnu",0.166,0.834,0.0,0.4201
190,@FoxNews,Sharen Carr,Thu Nov 02 00:05:43 +0000 2017,"RT @FoxNews: ""You get these radicals, and...my son is the victim"" — @SandraSmithFox's heartbreaking interview with father of NYC terror vic…",0.0,0.667,0.333,-0.8176
191,@FoxNews,The Real Maureen E.,Thu Nov 02 00:05:43 +0000 2017,"RT @jaketapper: @FoxNews @DailyCaller @infowars And yes, I know they do this all the time. Still, literally the day after this horrific att…",0.097,0.716,0.188,-0.5499
192,@FoxNews,J,Thu Nov 02 00:05:43 +0000 2017,@SheriffClarke @seanhannity @FoxNews @FoxBusiness @foxandfriends Puke,0.0,0.595,0.405,-0.5267
193,@FoxNews,Joni Holz,Thu Nov 02 00:05:43 +0000 2017,RT @jaketapper: .@FoxNews chooses instead to deliberately lie about what I said. Following the slime-coated path of @DailyCaller and @infow…,0.0,1.0,0.0,0.0
194,@FoxNews,Kathy L,Thu Nov 02 00:05:43 +0000 2017,RT @KeithOlbermann: It is important to remember that for two decades @foxnews has been at peace with the erasure of American freedoms and w…,0.263,0.737,0.0,0.7579
195,@FoxNews,IAMMINE63,Thu Nov 02 00:05:43 +0000 2017,@jaketapper @FoxNews @DailyCaller @infowars You’re the real deal. Try not to get upset over people who have nothing… https://t.co/cBHE3UVDg1,0.108,0.892,0.0,0.2924
196,@FoxNews,tiredofit10 ??,Thu Nov 02 00:05:42 +0000 2017,@jaketapper @FoxNews @DailyCaller @infowars Thats how they roll.  You should have called them out way back when the… https://t.co/jy9J9b8H8a,0.0,1.0,0.0,0.0
197,@FoxNews,Malka Weiss,Thu Nov 02 00:05:42 +0000 2017,"RT @FoxNews: ""You get these radicals, and...my son is the victim"" — @SandraSmithFox's heartbreaking interview with father of NYC terror vic…",0.0,0.667,0.333,-0.8176
198,@FoxNews,Nicole,Thu Nov 02 00:05:42 +0000 2017,RT @KeithOlbermann: It is important to remember that for two decades @foxnews has been at peace with the erasure of American freedoms and w…,0.263,0.737,0.0,0.7579
199,@FoxNews,Valerie,Thu Nov 02 00:05:42 +0000 2017,@sibuyan2013 @FoxNews @POTUS They dont! They hate us and don't even try to hide it!,0.196,0.711,0.093,0.4371
200,@BBC,Off The Charts Music,Thu Nov 02 00:04:28 +0000 2017,"We just wrote about #SoundsLikeFridayNight have a read here: 

https://t.co/WxTEGqTpS4

There is some promise, we think?
@BBCR1 @BBC @NME",0.119,0.881,0.0,0.3182
201,@BBC,Ben Weeks,Thu Nov 02 00:04:18 +0000 2017,Can't not share @BBC #newsfeeds... Newspaper headlines: Fallon 'first scalp' of Commons scandal https://t.co/yckocFumge,0.1,0.725,0.175,-0.3056
202,@BBC,Ben Weeks,Thu Nov 02 00:04:18 +0000 2017,Can't not share @BBC #newsfeeds... Spurs overcome Real Madrid to reach last 16 https://t.co/bkzqVhfF8G,0.187,0.813,0.0,0.1919
203,@BBC,My2Dads,Thu Nov 02 00:04:15 +0000 2017,"Technology News @BBC Facebook ad revenue tops $10bn - Boss Mark Zuckerberg says the firm is ""serious"" about sec... https://t.co/gUaJuyHMFR",0.155,0.845,0.0,0.5106
204,@BBC,Ryan Mann,Thu Nov 02 00:03:38 +0000 2017,nice to see the @BBC @bbcthree talking about dyslexia it is still so miss understood. Wish I could talk to the #BBC about my experiences.,0.2,0.727,0.073,0.5643
205,@BBC,J D,Thu Nov 02 00:03:23 +0000 2017,Dr Bill Warner's 3 min video. @BritGirl2017 @BritainFirstHQ @UKParliament @BBC #UK #Canada @Foxnews @GOPLeader @VP https://t.co/s7OFsByW08,0.0,1.0,0.0,0.0
206,@BBC,Gabriella //Sad Girl,Thu Nov 02 00:02:37 +0000 2017,@amultifandom @bbC huaauu,0.0,1.0,0.0,0.0
207,@BBC,maqbool,Thu Nov 02 00:02:19 +0000 2017,RT @DefendingHistor: FYI @BBCWorld @BBC  re: your bizarre whitewashing of #Ukraine's neo-Nazi C14 back in March in your Ukrainian language…,0.111,0.788,0.101,0.0601
208,@BBC,R&AW PRIDE,Thu Nov 02 00:00:58 +0000 2017,@bbc British Doctors need education on criminal behavior which is 5000 times worst then Friend Request on Facebook https://t.co/AeoJBMkUuf …,0.12,0.599,0.281,-0.6486
209,@BBC,Tanuj Virani,Thu Nov 02 00:00:38 +0000 2017,RT @rcpsych: @BBC @BLennox4 @WesselyS That's it! For more info go to https://t.co/ddumnBOL7x,0.0,1.0,0.0,0.0
210,@BBC,R&AW PRIDE,Thu Nov 02 00:00:15 +0000 2017,@bbc British Doctors need education on criminal behavior which is 5000 times worst then Friend Request on Facebook… https://t.co/smPD6EdcYg,0.12,0.599,0.281,-0.6486
211,@BBC,HOW,Thu Nov 02 00:00:06 +0000 2017,"In a hyper-transparent world, youth is no mistake for unethical behavior. 30-year mistakes come back around: https://t.co/vJA5bwLF2v @BBC",0.0,0.556,0.444,-0.8555
212,@BBC,Karme,Wed Nov 01 23:59:52 +0000 2017,@HumansRights2 @eu_comission @FinancialTimes @cnni @JulianAssange @bbc @CataloniaHelp2 https://t.co/fVkGg1GsJA,0.0,1.0,0.0,0.0
213,@BBC,mel spence,Wed Nov 01 23:59:29 +0000 2017,"RT @cliodiaspora: How in the name of whatever is holy to you, Gordon Brewer, did you think this ok? How @BBC? And massive respect for @Mare…",0.199,0.801,0.0,0.7149
214,@BBC,Brian_Rice,Wed Nov 01 23:58:51 +0000 2017,RT @benzosarebad: @rcpsych @BBC @BLennox4 @WesselyS Let's drip feed the truth to the public. If patients tried to stop antidepressants the…,0.098,0.809,0.094,0.0258
215,@BBC,Brian_Rice,Wed Nov 01 23:58:49 +0000 2017,"RT @benzosarebad: @rcpsych @BBC @BLennox4 @WesselyS Prof David Healy ... ""the drug wrecked are lepers""  https://t.co/UzM8Y6k1nO  and so we…",0.0,1.0,0.0,0.0
216,@BBC,Brian_Rice,Wed Nov 01 23:58:33 +0000 2017,RT @benzosarebad: @rcpsych @BBC @BLennox4 @WesselyS Strange why BBC2 did not interview those patients permanently damaged by antidepressant…,0.0,0.773,0.227,-0.5719
217,@BBC,Ariel ??,Wed Nov 01 23:58:20 +0000 2017,@newspaperat8 @luiscappomasi @IgnacioValle3 @CarmenClausse @NKollack @lukekolifa @alasrotas2011 @asperger132… https://t.co/wo1TBs6Dhm,0.0,1.0,0.0,0.0
218,@BBC,Scots Lass,Wed Nov 01 23:58:10 +0000 2017,@BBC @back_the_BBC @bbcthree @TadhgFleming I’ll never tire of watching this! ?,0.0,1.0,0.0,0.0
219,@BBC,R&AW PRIDE,Wed Nov 01 23:58:07 +0000 2017,@bbc  What is worst?  Sending Friend request on Face book or this https://t.co/AeoJBMkUuf,0.175,0.601,0.224,-0.2263
220,@BBC,jos,Wed Nov 01 23:57:38 +0000 2017,@REBELTROOP This is the @BBC bailing.....its not women's fault that Tories are perverts &amp; it's not @BBC job to try this line.....,0.087,0.768,0.146,-0.3699
221,@BBC,Peter Grant MP,Wed Nov 01 23:57:36 +0000 2017,"RT @cliodiaspora: How in the name of whatever is holy to you, Gordon Brewer, did you think this ok? How @BBC? And massive respect for @Mare…",0.199,0.801,0.0,0.7149
222,@BBC,Tina Stewart,Wed Nov 01 23:56:55 +0000 2017,RT @rcpsych: @BBC @BLennox4 @WesselyS And results of the eight-week stress study: mindfulness was most effective in reducing stress. Key to…,0.126,0.667,0.207,-0.2975
223,@BBC,Steve Thompson,Wed Nov 01 23:56:52 +0000 2017,"Bot… https://t.co/728NoPKo79
@CNN @AC360 @MSNBC @Maddow @BBC https://t.co/oAyQnKW35S",0.0,1.0,0.0,0.0
224,@BBC,R&AW PRIDE,Wed Nov 01 23:55:16 +0000 2017,@bbc Would you suggest the same for British Doctors you are suggesting for Pakistani Doctors?… https://t.co/UybUSk81RB,0.0,1.0,0.0,0.0
225,@BBC,GDNK Dravidian,Wed Nov 01 23:54:52 +0000 2017,"Is Modiji &amp; BJP are going Blindly

@cnni
@BBC
@nytimes
@AlJazeera
@Outlookindia
@NYDailyNews
@MirrorNow
@SkyNews… https://t.co/NE62HWFUG6",0.0,1.0,0.0,0.0
226,@BBC,Anytime Fitness,Wed Nov 01 23:54:06 +0000 2017,@TwelveDaisies @BBC Looking to step up your strength training? Get 24/7 access to the best weights and equipment!… https://t.co/TIp7fr8rch,0.312,0.688,0.0,0.8268
227,@BBC,Garaidh Falconer,Wed Nov 01 23:53:49 +0000 2017,"@CorieltauviArt @BBC Agree with all you said,I can watch programmes with folk getting shot,blown up,or medical stuf… https://t.co/tRTZbtaA5F",0.128,0.872,0.0,0.3612
228,@BBC,Jacqui Jackson,Wed Nov 01 23:53:33 +0000 2017,@BBC I'm sure you think the new Junior Drs is edgy?I'm thinking arrogant and irreverent-2 pups talking patient's vagina at the gym? Really?,0.086,0.782,0.133,-0.3094
229,@BBC,paul teviotdale,Wed Nov 01 23:53:06 +0000 2017,@BBC @bbcthree He is stunning I need treatment by him pleaseeeeeeee ??,0.206,0.794,0.0,0.3818
230,@BBC,Jim,Wed Nov 01 23:52:32 +0000 2017,RT @Cagsil: @blondiesa @Twitter @BBC Bilderberg is more like it- #NewWorldOrder/#NWO trying to desperately hold on.,0.144,0.722,0.134,0.0498
231,@BBC,ThatBlokeThere,Wed Nov 01 23:52:19 +0000 2017,"@AlbertOwenMP @LouHaigh @Keir_Starmer Although to watch, listen to or read @BBC news, you wouldn't know anything ab… https://t.co/PPIviliNfe",0.0,1.0,0.0,0.0
232,@BBC,On The Radar,Wed Nov 01 23:51:43 +0000 2017,RT @P_o_K_1: The @BBC is so terrorized by Islamic terrorism that they don’t even dare to say “Allah akbar”.It’s seems that they’re “more af…,0.0,0.691,0.309,-0.8966
233,@BBC,Helen McGhie,Wed Nov 01 23:51:41 +0000 2017,The Junior Doctors programme  is well good but @BBC need to make a programme on newly qualified/junior nurses too ?,0.179,0.821,0.0,0.3612
234,@BBC,Abu Bakr Alvarez,Wed Nov 01 23:51:15 +0000 2017,"RT @AWAKEALERT: Which News Media Are The Biggest Liars
Please vote and RT 

@RT_com @CNN @Foxnews @BBC #Mueller #NorthKorea #Iran 
#Hallowe…",0.093,0.769,0.138,-0.2732
235,@BBC,Paula Dennis,Wed Nov 01 23:50:50 +0000 2017,RT @wayneywarby: How good was #BluePlanet2 love it!! Money well spent @BBC,0.521,0.479,0.0,0.8684
236,@BBC,San ?or? ?? ??,Wed Nov 01 23:50:28 +0000 2017,"RT @marlenerein: @RokoHorvat1 @V_of_Europe @BBC Well, for at least, Poland isn't only praying but acting. We need people determined to figh…",0.192,0.744,0.064,0.4758
237,@BBC,Jessica Penguin,Wed Nov 01 23:49:28 +0000 2017,"RT @FanpageSheamus: #Repost @wwecesaro (@get_repost)
???
Talking football for @bbc before #WWEGlasgow we are #TheBar @fathersons_ @wwe… htt…",0.0,1.0,0.0,0.0
238,@BBC,Gonzalo Parra,Wed Nov 01 23:49:23 +0000 2017,"RT @JusapolCesar: @ManuelHuertas75 @AhoraPlataforma @jusapol #EquiparacionYa gracias por su apoyo,@jusapol ,@rt @CNNEE @Le_Figaro @bbc @zoi…",0.0,1.0,0.0,0.0
239,@BBC,Tanuj Virani,Wed Nov 01 23:48:48 +0000 2017,RT @rcpsych: @BBC @BLennox4 @WesselyS And results of the eight-week stress study: mindfulness was most effective in reducing stress. Key to…,0.126,0.667,0.207,-0.2975
240,@BBC,KY,Wed Nov 01 23:48:28 +0000 2017,@bbc @voa @HizbawiM I agree 100% https://t.co/MjTQHFgibA,0.333,0.667,0.0,0.3612
241,@BBC,Mark Curry,Wed Nov 01 23:47:34 +0000 2017,@NiceEtoile @dontbrexitfixit @BBC At least say thank you for sharing before trying to talk about manners.,0.275,0.725,0.0,0.6486
242,@BBC,Aokoi,Wed Nov 01 23:46:57 +0000 2017,RT @P_o_K_1: The @BBC is so terrorized by Islamic terrorism that they don’t even dare to say “Allah akbar”.It’s seems that they’re “more af…,0.0,0.691,0.309,-0.8966
243,@BBC,Petros Berhe,Wed Nov 01 23:46:44 +0000 2017,"RT @Ab_Metkel: I'm tweeting from #Eritrea yet @BBC reports that ""The authorities also appear to have cut the internet.."" #FakeNews 
https:/…",0.0,0.905,0.095,-0.2732
244,@BBC,Sophie Dubois,Wed Nov 01 23:46:29 +0000 2017,"Ladies empowerment in the Gov of #UAE
@UN @bbc @lemondefr 
#UAE_Glitter https://t.co/pNZOlZKHpy",0.0,1.0,0.0,0.0
245,@BBC,Catherine Wilson,Wed Nov 01 23:46:21 +0000 2017,@TruculentTim @cliodiaspora @BBC @MareeToddSNP Somewhat. Speaking up and being interrogated are two different thing… https://t.co/81QYjxopvg,0.0,0.843,0.157,-0.3818
246,@BBC,John Hale,Wed Nov 01 23:46:14 +0000 2017,RT @P_o_K_1: The @BBC is so terrorized by Islamic terrorism that they don’t even dare to say “Allah akbar”.It’s seems that they’re “more af…,0.0,0.691,0.309,-0.8966
247,@BBC,Peter James,Wed Nov 01 23:45:57 +0000 2017,"@GavGordonToGo @BBCiPlayer @BBC Don't know what tech you have Gav, but a mini jack to mini jack lead from output of… https://t.co/CgrfKQNLdC",0.0,1.0,0.0,0.0
248,@BBC,Dr Iain MacInnes,Wed Nov 01 23:45:08 +0000 2017,"RT @cliodiaspora: How in the name of whatever is holy to you, Gordon Brewer, did you think this ok? How @BBC? And massive respect for @Mare…",0.199,0.801,0.0,0.7149
249,@BBC,Barry Goodman,Wed Nov 01 23:45:00 +0000 2017,@Social_Stephen @McWill99 @jonathanrea @BBC @BBCSPOTY @northwest200 @GIrwinRacing @Lee_johnston13 @radiostephen… https://t.co/tH748s9Sbr,0.0,1.0,0.0,0.0
250,@BBC,Zahir Ariaie,Wed Nov 01 23:44:53 +0000 2017,"@FroghWazhma @VOADariAfghan @VOAPashto @BBC @bbcdari @bbcpashto Farsi Dari is the name of our language, it is one language not two !",0.0,1.0,0.0,0.0
251,@BBC,Marlene Danko,Wed Nov 01 23:42:58 +0000 2017,"RT @AWAKEALERT: Which News Media Are The Biggest Liars
Please vote and RT 

@RT_com @CNN @Foxnews @BBC #Mueller #NorthKorea #Iran 
#Hallowe…",0.093,0.769,0.138,-0.2732
252,@BBC,ChrisT,Wed Nov 01 23:42:54 +0000 2017,"@IconoclastPig I saw your vid on @BBC , ?? But after newsnight this evening ? it gets worse.",0.0,0.819,0.181,-0.4767
253,@BBC,Birdie,Wed Nov 01 23:42:51 +0000 2017,RT @DailyHolograph: Another @BBC sexual abuse scandal! https://t.co/qh5oblCebF,0.0,0.448,0.552,-0.8122
254,@BBC,suse,Wed Nov 01 23:42:43 +0000 2017,@SabotageFilms @BBC Remember seeing this in the 70's and it has stayed with me ever since never ever forget it ?,0.081,0.919,0.0,0.1695
255,@BBC,Bethany Marsh,Wed Nov 01 23:42:40 +0000 2017,"#isitok that @BBC's panel 'what's wrong with men', a discussion about sexual assault, only had 3 women vs 14 men on its panel #no",0.0,0.743,0.257,-0.7845
256,@BBC,SpeedStitch,Wed Nov 01 23:42:20 +0000 2017,@HFCSWaltham @BBC Thanks @HFCSWaltham ?????,0.42,0.58,0.0,0.4404
257,@BBC,Zahir Ariaie,Wed Nov 01 23:42:14 +0000 2017,@FroghWazhma @VOADariAfghan @VOAPashto @BBC @bbcdari @bbcpashto Repeating a mistake not only does not make it right… https://t.co/EFUS1ZJKLv,0.0,0.862,0.138,-0.34
258,@BBC,born weired,Wed Nov 01 23:42:14 +0000 2017,@BBC @bbchindinew https://t.co/jyzIR2UkfB,0.0,1.0,0.0,0.0
259,@BBC,Darklordzden??,Wed Nov 01 23:42:10 +0000 2017,Read pretty much any @guardian editorial or watch any @BBC current affairs/political panel discussion program and y… https://t.co/IgXU5wzM9X,0.158,0.842,0.0,0.4939
260,@BBC,Donna Gasbarro,Wed Nov 01 23:41:47 +0000 2017,RT @OneBloodYeAndI: .@ChrisVanHollen @BBC #BLM Myth No 3: #WildHorse destroys habitat. Truth: #cattle weight on even-toed pointy hoofs dama…,0.095,0.664,0.241,-0.5423
261,@BBC,?? ?,Wed Nov 01 23:41:34 +0000 2017,"RT @BBC: Meet Sam. Mortgage conveyancer by day, #Brony by night. ?? Via @BBCPointsWest. https://t.co/HthwzDk41x",0.0,1.0,0.0,0.0
262,@BBC,transitioning,Wed Nov 01 23:41:25 +0000 2017,"RT @ItsBouquet: Hi @BBC - could you please make a big deal out of this.

Australia's shame...
https://t.co/TfI3OSXcV0",0.133,0.867,0.0,0.3182
263,@BBC,Simon Wessely,Wed Nov 01 23:41:05 +0000 2017,RT @rcpsych: @BBC Psychiatrist @BLennox4 leading this pioneering research on patients diagnosed with schizophrenia.,0.0,1.0,0.0,0.0
264,@BBC,Corieltauvi Annie,Wed Nov 01 23:40:57 +0000 2017,"@Macfalconer @BBC It's a shame, because the beginning of the first episode looked so promising.",0.188,0.645,0.167,0.1005
265,@BBC,2 Kill A Mockingbird,Wed Nov 01 23:40:35 +0000 2017,"RT @AWAKEALERT: Which News Media Are The Biggest Liars
Please vote and RT 

@RT_com @CNN @Foxnews @BBC #Mueller #NorthKorea #Iran 
#Hallowe…",0.093,0.769,0.138,-0.2732
266,@BBC,SpeedStitch,Wed Nov 01 23:40:22 +0000 2017,RT @HFCSWaltham: Great to see @Speedstitch on @BBC ‘s The Apprentice! #walthamstow #e17 #east #walthamforest,0.239,0.761,0.0,0.6588
267,@BBC,Corieltauvi Annie,Wed Nov 01 23:40:18 +0000 2017,"@Macfalconer @BBC Punishments were in those days, but I think it's gratuitous to show it in all it's details.",0.0,0.899,0.101,-0.2263
268,@BBC,Donna Gasbarro,Wed Nov 01 23:40:12 +0000 2017,RT @OneBloodYeAndI: .@SenateApprops @BBC #BLM Myth No 3: #WildHorse destroys habitat. Truth: #cattle weight on even-toed pointy hoofs damag…,0.095,0.664,0.241,-0.5423
269,@BBC,Maria Garcia,Wed Nov 01 23:40:11 +0000 2017,"#UAE issues law regulations inheritance ,wills, ... https://t.co/h2NZqEEcMV
@UN @Le_Figaro @bbc
#UAE_Glitter",0.0,1.0,0.0,0.0
270,@BBC,Sheila Scoular,Wed Nov 01 23:40:11 +0000 2017,RT @hannada39: Good old Auntie. As biased as ever. @BBC @BBCScotland https://t.co/Wlupi3T1Uz,0.193,0.667,0.14,0.2023
271,@BBC,Waleed Fawzi,Wed Nov 01 23:39:54 +0000 2017,RT @rcpsych: @BBC @BLennox4 But our former president @WesselyS disagrees. There are lots of areas of medicine where we know a treatment wor…,0.0,0.901,0.099,-0.3182
272,@BBC,Neil A Heywood,Wed Nov 01 23:39:43 +0000 2017,": Peaky Blinders, BBC2 00:15 (12:15) brilliant but why so late @bbc. 
Must stay awake.
Great #PeakyBlinders is back on TV, #Enjoy...",0.298,0.702,0.0,0.8422
273,@BBC,vVv,Wed Nov 01 23:39:29 +0000 2017,@dontbrexitfixit @BBC I have been waiting too.... nothing,0.0,1.0,0.0,0.0
274,@BBC,Corieltauvi Annie,Wed Nov 01 23:38:35 +0000 2017,"@Macfalconer @BBC I didn't watch it as far as those bits. I recorded it, but found out via twitter how gruesome it… https://t.co/segpcvogHK",0.0,1.0,0.0,0.0
275,@BBC,anna garrs,Wed Nov 01 23:37:04 +0000 2017,@BBC could you honestly not find a white English male doctor to add to the 'junior doctors blood sweat and tears'- you are so racist,0.1,0.731,0.17,-0.4795
276,@BBC,Stephen,Wed Nov 01 23:36:51 +0000 2017,RT @P_o_K_1: The @BBC is so terrorized by Islamic terrorism that they don’t even dare to say “Allah akbar”.It’s seems that they’re “more af…,0.0,0.691,0.309,-0.8966
277,@BBC,Primordial Stoo OBE,Wed Nov 01 23:36:49 +0000 2017,RT @hannada39: Good old Auntie. As biased as ever. @BBC @BBCScotland https://t.co/Wlupi3T1Uz,0.193,0.667,0.14,0.2023
278,@BBC,Peter Darwin,Wed Nov 01 23:36:36 +0000 2017,@mjian @jgeeman @Alichat66 @Baronbigbucks @SteveUnwin01 @LeaveEUOfficial @WestmonsterUK @Jacob_Rees_Mogg @BBC… https://t.co/G0KrfKekuN,0.0,1.0,0.0,0.0
279,@BBC,Fiona,Wed Nov 01 23:36:20 +0000 2017,"RT @cliodiaspora: How in the name of whatever is holy to you, Gordon Brewer, did you think this ok? How @BBC? And massive respect for @Mare…",0.199,0.801,0.0,0.7149
280,@BBC,Nardeep Pujji,Wed Nov 01 23:36:09 +0000 2017,"RT @AWAKEALERT: Which News Media Are The Biggest Liars
Please vote and RT 

@RT_com @CNN @Foxnews @BBC #Mueller #NorthKorea #Iran 
#Hallowe…",0.093,0.769,0.138,-0.2732
281,@BBC,Groitswitch,Wed Nov 01 23:35:58 +0000 2017,"RT @rem_ack: The @BBC is so biased it's basically a terrorist organisation; the friendly face of radical islam, the thin end of the wedge.…",0.104,0.653,0.243,-0.6418
282,@BBC,Peter  Barratt,Wed Nov 01 23:33:40 +0000 2017,"RT @despitebrexituk: The @BBC bias is palpable, insidious, pervasive and constant. https://t.co/0fAnfWCr4k",0.0,0.887,0.113,-0.1027
283,@BBC,roadwish,Wed Nov 01 23:33:37 +0000 2017,RT @DefendingHistor: FYI @BBCWorld @BBC  re: your bizarre whitewashing of #Ukraine's neo-Nazi C14 back in March in your Ukrainian language…,0.111,0.788,0.101,0.0601
284,@BBC,Krista Kampus,Wed Nov 01 23:33:13 +0000 2017,"RT @CBSSbaltic2030: @BBC @MFAIceland Small country, great example for the rest of the world!",0.253,0.747,0.0,0.6588
285,@BBC,Vega,Wed Nov 01 23:33:10 +0000 2017,@KarnaMikko @JunckerEU @eucopresident @EUCouncil @EU_Commission @DejanLevanic @Jan_Skoberne @BBC @BBCNews… https://t.co/WlIu9pOrTZ,0.0,1.0,0.0,0.0
286,@BBC,Marq Andras,Wed Nov 01 23:32:19 +0000 2017,@geoffquincy @SabotageFilms @BBC This sums up the magic of vhs :),0.231,0.769,0.0,0.4588
287,@BBC,Fairgrieve,Wed Nov 01 23:31:55 +0000 2017,Good old Auntie. As biased as ever. @BBC @BBCScotland https://t.co/Wlupi3T1Uz,0.223,0.615,0.162,0.2023
288,@BBC,Steven Heywood,Wed Nov 01 23:31:46 +0000 2017,"RT @dontbrexitfixit: Can anyone 
Please show me where this is reported by the @BBC?
Buggered if I can find anything. https://t.co/WtxzuFpatQ",0.108,0.892,0.0,0.3182
289,@BBC,NajYash,Wed Nov 01 23:31:43 +0000 2017,RT @MrBacteriaThief: @gazaboatconvoy @ssafehands @Johnjog65 @BBC  https://t.co/xvLhkaHBQP,0.0,1.0,0.0,0.0
290,@BBC,Sandra Martin,Wed Nov 01 23:30:51 +0000 2017,RT @rcpsych: @BBC Psychiatric symptoms can be caused by an immune system malfunction. Fascinating research at the University of Oxford,0.241,0.759,0.0,0.6908
291,@BBC,aims,Wed Nov 01 23:30:48 +0000 2017,@BBC unless you can bring Elvis back from the dead don’t bother airing that show again. BRING BACK ELVIS!!! #OurGirl ???,0.0,0.715,0.285,-0.8213
292,@BBC,Sandra Martin,Wed Nov 01 23:30:44 +0000 2017,RT @rcpsych: @BBC Surprisingly perhaps bouldering is particularly good for helping beat depression... As is 'laughter club'! Because laughi…,0.431,0.569,0.0,0.8847
293,@BBC,Sandra Martin,Wed Nov 01 23:30:40 +0000 2017,RT @rcpsych: @BBC Chillis are meant to improve your mood. Not sure that's a treatment we'd recommend! Sleeping (and eating) regularly on th…,0.296,0.704,0.0,0.7901
294,@BBC,Sandra Martin,Wed Nov 01 23:30:37 +0000 2017,"RT @rcpsych: @BBC Simple sleep test shows sleep deprivation leads to more negative emotions, Dr Gregoire and a researcher find https://t.co…",0.0,0.726,0.274,-0.7778
295,@BBC,Madam Frogh,Wed Nov 01 23:30:31 +0000 2017,So whats new about it? VOA has its @VOADariAfghan &amp; @VOAPashto so why cant @bbc have @bbcdari and @bbcpashto and th… https://t.co/dWbAE9OGov,0.0,1.0,0.0,0.0
296,@BBC,Sandra Martin,Wed Nov 01 23:30:20 +0000 2017,RT @rcpsych: @BBC Consultant psychiatrist Dr Alain Gregoire says the vast majority if mental illnesses are treatable. See your GP and get a…,0.0,0.873,0.127,-0.4939
297,@BBC,Sandra Martin,Wed Nov 01 23:30:09 +0000 2017,"RT @rcpsych: @BBC One in 6 of us affected by issues like anxiety and depression at any given time, I'm A Doctor says",0.094,0.642,0.264,-0.5423
298,@BBC,Sandra Martin,Wed Nov 01 23:30:06 +0000 2017,"RT @rcpsych: Trust Me, I'm A Doctor mental health special on @BBC 2 in 55 minutes. We'll be tweeting about it if you can't tune in",0.214,0.786,0.0,0.7184
299,@BBC,Gemma Winter,Wed Nov 01 23:29:48 +0000 2017,RT @P_o_K_1: The @BBC is so terrorized by Islamic terrorism that they don’t even dare to say “Allah akbar”.It’s seems that they’re “more af…,0.0,0.691,0.309,-0.8966
300,@NYT,Polly Bruno,Thu Nov 02 00:05:56 +0000 2017,@LiberalMmama @nfmike1 So is she ... thinks she’s a reporter! Old Gray Lady spinning in her grave about this poseur… https://t.co/hZ3sZfcZ3r,0.0,0.868,0.132,-0.4389
301,@NYT,Cathy Perkins,Thu Nov 02 00:02:52 +0000 2017,"""Following the (Bike) Trail to @Amazon’s Second Headquarters,"" via @NYT. #HQ2 https://t.co/XYqCiWABsQ",0.0,1.0,0.0,0.0
302,@NYT,The Bob,Wed Nov 01 23:56:24 +0000 2017,@TomWellborn @realDonaldTrump @SenateMajLdr @SenateGOP @NYT  https://t.co/LEOSLCR5nX,0.0,1.0,0.0,0.0
303,@NYT,Tired of the BS,Wed Nov 01 23:52:49 +0000 2017,@nytimes I’m deleting my .@NYT app. So fucking disappointed in you! Shame!,0.0,0.576,0.424,-0.8103
304,@NYT,Polly Bruno,Wed Nov 01 23:51:38 +0000 2017,"Ha! But Daddy, who got her the @nyt job, says @maggieNYT is the best reporter he’s ever seen. #magvanka #legacy… https://t.co/DgEIkNPj74",0.266,0.734,0.0,0.784
305,@NYT,dala  ismail,Wed Nov 01 23:51:05 +0000 2017,"RT @JoseTijam: ""S.E.C. Warns Celebrities Endorsing Virtual Money"" via @NYT The New York Times https://t.co/rsA4gFhuOy #businessnews #busine…",0.0,0.92,0.08,-0.1027
306,@NYT,"Jose Tijam, PMP, CSM",Wed Nov 01 23:50:42 +0000 2017,"""S.E.C. Warns Celebrities Endorsing Virtual Money"" via @NYT The New York Times https://t.co/rsA4gFhuOy #businessnews #business #news",0.0,0.915,0.085,-0.1027
307,@NYT,?ngels@???||?||,Wed Nov 01 23:50:41 +0000 2017,"RT @NYT: Linda Nochlin, 86, Groundbreaking Feminist Art Historian, Is Dead. https://t.co/K5od0sfSiK",0.0,0.592,0.408,-0.7845
308,@NYT,"Jose Tijam, PMP, CSM",Wed Nov 01 23:49:04 +0000 2017,"""Panel Recommends Opioid Solutions But Puts No Price Tag on Them"" via @NYT The New York Times https://t.co/aMn0xz2oU7 #health #healthnews …",0.158,0.746,0.096,0.1027
309,@NYT,Tired of the BS,Wed Nov 01 23:44:44 +0000 2017,"@nytimes Wtf, @nyt? Why are you giving these liars ANY attention? Shame on you! Beyond disappointed.",0.087,0.401,0.512,-0.9127
310,@NYT,Queef Whisperer??,Wed Nov 01 23:44:31 +0000 2017,@roworldradio @TomWellborn @realDonaldTrump @SenateMajLdr @SenateGOP @NYT @nytimes  https://t.co/TcetiSAWTp,0.0,1.0,0.0,0.0
311,@NYT,AmericaAdrift,Wed Nov 01 23:43:59 +0000 2017,@tombunzel @DawnMacc @EricBoehlert @NYT is ignoring the charge of conspiracy against the United States- eg colludin… https://t.co/E1XEk8dNCn,0.122,0.611,0.266,-0.5106
312,@NYT,graciegranite,Wed Nov 01 23:40:52 +0000 2017,RT @TomWellborn: @realDonaldTrump @SenateMajLdr @SenateGOP @NYT The @nytimes adores you!,0.243,0.757,0.0,0.4389
313,@NYT,Adeeb Rahman,Wed Nov 01 23:37:07 +0000 2017,RT @TomWellborn: @realDonaldTrump @SenateMajLdr @SenateGOP @NYT The @nytimes adores you!,0.243,0.757,0.0,0.4389
314,@NYT,Alicia Carter,Wed Nov 01 23:35:52 +0000 2017,"RT @affectScience: Is happiness something you can find on your own? Or is happiness inherently social? @NYT's @RuthWhippman argues that ""Ha…",0.268,0.639,0.092,0.7149
315,@NYT,"Jose Tijam, PMP, CSM",Wed Nov 01 23:35:41 +0000 2017,"""Weinstein Documentarian Wants Another Shot at His Subject"" via @NYT The New York Times https://t.co/WIlVAKnc8U #businessnews #business #n…",0.0,1.0,0.0,0.0
316,@NYT,Antonio Velardo,Wed Nov 01 23:28:16 +0000 2017,"""The iPhone X Is Cool. That Doesn’t Mean You Are Ready for It."" via @NYT https://t.co/F6QA6STeOC #technology",0.255,0.745,0.0,0.5859
317,@NYT,J,Wed Nov 01 23:27:55 +0000 2017,"@TomWellborn @realDonaldTrump @SenateMajLdr @SenateGOP @NYT @nytimes Well, Maggie and Glenn do. And Eric. And Maure… https://t.co/BTK95s30oQ",0.123,0.877,0.0,0.2732
318,@NYT,A Y O M I D E,Wed Nov 01 23:25:12 +0000 2017,"""The iPhone X Is Cool. That Doesn’t Mean You Are Ready for It."" by BRIAN X. CHEN via @NYT https://t.co/mltLCazK00",0.22,0.78,0.0,0.5859
319,@NYT,james player,Wed Nov 01 23:11:36 +0000 2017,@TomWellborn @realDonaldTrump @SenateMajLdr @SenateGOP @NYT @nytimes Bring your resistance to me face-to-face candy-ass,0.0,1.0,0.0,0.0
320,@NYT,? Tom Wellborn,Wed Nov 01 23:10:56 +0000 2017,RT @TomWellborn: @realDonaldTrump @SenateMajLdr @SenateGOP @NYT The @nytimes adores you!,0.243,0.757,0.0,0.4389
321,@NYT,Thank God 4 Trump?,Wed Nov 01 23:10:45 +0000 2017,@TomWellborn @realDonaldTrump @SenateMajLdr @SenateGOP @NYT Y n d hell NYT ? &amp;print stories w/“anonymous”sources on… https://t.co/LBlNCVWP0o,0.0,0.705,0.295,-0.6808
322,@NYT,Jim Dowson,Wed Nov 01 23:10:12 +0000 2017,Fascinating read about social science methodology fallout (and I am an Amy Cuddy fan) via @NYT https://t.co/NqxVJSLL19,0.189,0.811,0.0,0.5423
323,@NYT,?ngels@???||?||,Wed Nov 01 23:04:50 +0000 2017,"RT @NYT: Australia to Ban Climbing on Uluru, a Site Sacred to Indigenous People. https://t.co/MaAiaO13pp",0.0,0.783,0.217,-0.5574
324,@NYT,Harvey Ludwin,Wed Nov 01 23:02:52 +0000 2017,@TomWellborn @realDonaldTrump @SenateMajLdr @SenateGOP @NYT @nytimes U keep reading the Communist Manifesto Tom,0.0,1.0,0.0,0.0
325,@NYT,"Jose Tijam, PMP, CSM",Wed Nov 01 23:02:35 +0000 2017,"""Facebook, Under Fire in Russia Inquiry, Posts 79% Rise in Profit"" via @NYT The New York Times https://t.co/yXkevAEsEO #news #tech #techne…",0.119,0.782,0.099,0.128
326,@NYT,? Tom Wellborn,Wed Nov 01 23:00:52 +0000 2017,@clickbait_media @realDonaldTrump @SenateMajLdr @SenateGOP @NYT  https://t.co/kUgUnHLH6o,0.0,1.0,0.0,0.0
327,@NYT,CNN Is The Enemy,Wed Nov 01 23:00:36 +0000 2017,@TomWellborn @realDonaldTrump @SenateMajLdr @SenateGOP @NYT Tom &amp; his poop stained fingers are banging out spastic tweets again. ??,0.0,1.0,0.0,0.0
328,@NYT,lyndajorn,Wed Nov 01 22:58:47 +0000 2017,@TomWellborn @realDonaldTrump @SenateMajLdr @SenateGOP @NYT Why in hell would trump call the NYT?,0.0,0.723,0.277,-0.6808
329,@NYT,? Tom Wellborn,Wed Nov 01 22:56:53 +0000 2017,@realDonaldTrump @SenateMajLdr @SenateGOP @NYT The @nytimes adores you!,0.292,0.708,0.0,0.4389
330,@NYT,"Jose Tijam, PMP, CSM",Wed Nov 01 22:54:34 +0000 2017,"""F.D.A. Warns Companies Against Claims That Marijuana Cures Diseases"" via @NYT The New York Times https://t.co/TiqGtdmg8U #health #healthn…",0.0,0.924,0.076,-0.1027
331,@NYT,? Tom Wellborn,Wed Nov 01 22:53:21 +0000 2017,"@realDonaldTrump @SenateMajLdr @SenateGOP HAHAHHAHAHAHAHAHAHHAHAHAHAHAHHAHAHAHAHAHAHHAHAHAHAHAHHAA 

Are you AFWAID… https://t.co/3Ay3AqzAVX",0.0,1.0,0.0,0.0
332,@NYT,REDSWhinez,Wed Nov 01 22:22:27 +0000 2017,@NYT ARE SCUM https://t.co/adlI0mK7xD,0.0,1.0,0.0,0.0
333,@NYT,"Jose Tijam, PMP, CSM",Wed Nov 01 22:20:19 +0000 2017,"""Volkswagen Sales in U.S. Rebound After Diesel Scandal"" via @NYT The New York Times https://t.co/j5HWQAJK8V #businessnews #business #news",0.0,0.854,0.146,-0.4404
334,@NYT,"Jose Tijam, PMP, CSM",Wed Nov 01 22:20:19 +0000 2017,"""Tesla’s Elon Musk Reassures Investors Over Model 3 Delays"" via @NYT The New York Times https://t.co/j5XZD5nbbU #businessnews #business #n…",0.128,0.872,0.0,0.3612
335,@NYT,Hugo Not Russian,Wed Nov 01 22:18:20 +0000 2017,"@lillyrosepetal1 @JackPosobiec Yeah you have to be with a official fake news organization like @NYT, @MSNBC and… https://t.co/RM7hxQsbV3",0.216,0.642,0.142,0.1531
336,@NYT,D. Richard Carlson,Wed Nov 01 22:10:23 +0000 2017,RT @rosemcgowan: I salute you #jodikantor #megantwohey &amp; @nyt editor thank you for your incredible work. You’ve saved lives with your brave…,0.218,0.782,0.0,0.6486
337,@NYT,CrankyGirl,Wed Nov 01 22:09:19 +0000 2017,"@ezlusztig Was he medicated, or did he have a gun pointed at his head during the call with @nyt? He is scary when h… https://t.co/2ANeS8nQWM",0.0,0.797,0.203,-0.6808
338,@NYT,Vicci,Wed Nov 01 22:07:39 +0000 2017,@MericaLiberty @RealAlexJones @DoctorSekzi @nytimes @infowars @NYT @realDonaldTrump is what happens when non-critic… https://t.co/zpZmI9GSfg,0.0,1.0,0.0,0.0
339,@NYT,SalmonSuzy,Wed Nov 01 22:02:51 +0000 2017,.@CNN @nyt @wapo @ABC @CBSNews  @NewsHour   Time for some real journalism like why @GOP does not put COUNTRY before… https://t.co/YT8mfbWFd5,0.116,0.884,0.0,0.3612
340,@NYT,Anthony Eastwood,Wed Nov 01 21:58:05 +0000 2017,#corruptSpain #shameofeurope @eucopresident @TimmermansEU @JunckerEU @Channel4News @thetimes @FT @nyt… https://t.co/6U7lw8gxn4,0.0,1.0,0.0,0.0
341,@NYT,Mrs.Opie,Wed Nov 01 21:57:25 +0000 2017,RT @Vox_Democracy: @washingtonpost @nyt @maddow @JoyAnnReid Please report the deletion of GA vote data. We need #paperballot #handcount htt…,0.113,0.887,0.0,0.3182
342,@NYT,Patricia Neal,Wed Nov 01 21:54:58 +0000 2017,RT @Vox_Democracy: @washingtonpost @nyt @maddow @JoyAnnReid Please report the deletion of GA vote data. We need #paperballot #handcount htt…,0.113,0.887,0.0,0.3182
343,@NYT,Alexis Simendinger,Wed Nov 01 21:54:22 +0000 2017,"@NYT growth in revenues &amp; reach: ""The Times can now claim 2.5 million digital subscribers"" https://t.co/qLty4BMlfC",0.209,0.791,0.0,0.4019
344,@NYT,Barbara Sorrell,Wed Nov 01 21:51:41 +0000 2017,"And @NYT,  @maggieNYT and @peterbakerNYT report the lies like it's the truth and a beautiful day in the neighborhoo… https://t.co/xUPMVK5BSw",0.328,0.566,0.106,0.7096
345,@NYT,RIEKS HOLTKAMP,Wed Nov 01 21:49:29 +0000 2017,RT @NYT: Fed Lets Interest Rate Stand Ahead of Powell Nomination as Chairman. https://t.co/Lb9quCEmrl,0.188,0.812,0.0,0.4588
346,@NYT,AbandonThatShip,Wed Nov 01 21:48:27 +0000 2017,Bummed that the @NYT now only prints Sub 4 hour marathoners. Boo. @nyrr,0.0,1.0,0.0,0.0
347,@NYT,Jan Lella,Wed Nov 01 21:39:30 +0000 2017,@realDonaldTrump You called the @NYT today??  I thought they were #fakenews with readers going down the tubes??,0.0,1.0,0.0,0.0
348,@NYT,Sandeep Chauhan,Wed Nov 01 21:38:39 +0000 2017,RT @Square1Tax: Fed Lets Interest Rate Stand Ahead of Powell Nomination as Chairman https://t.co/EFo3cZt9JQ @NYT https://t.co/ZZptajtCeK,0.167,0.833,0.0,0.4588
349,@NYT,SquareOne™,Wed Nov 01 21:38:14 +0000 2017,"Peter Schutz, Executive Who Saved a Signature Porsche, Dies at 87 https://t.co/Awi5TUvoNF @NYT https://t.co/K83exD2giS",0.189,0.811,0.0,0.4215
350,@NYT,SquareOne™,Wed Nov 01 21:38:12 +0000 2017,Tech Fix: The iPhone X Is Cool. That Doesn’t Mean You Are Ready for It. https://t.co/s99ZiPs9EO @NYT https://t.co/4e5pztSbJo,0.242,0.758,0.0,0.5859
351,@NYT,SquareOne™,Wed Nov 01 21:38:11 +0000 2017,Fed Lets Interest Rate Stand Ahead of Powell Nomination as Chairman https://t.co/EFo3cZt9JQ @NYT https://t.co/ZZptajtCeK,0.188,0.812,0.0,0.4588
352,@NYT,SquareOne™,Wed Nov 01 21:38:10 +0000 2017,Russian Authorities Investigate 14-Year-Old Model’s Death https://t.co/YnxRU0mHTR @NYT https://t.co/aU6CpeZdjl,0.0,0.672,0.328,-0.5994
353,@NYT,SquareOne™,Wed Nov 01 21:38:09 +0000 2017,Breakingviews: A University Endowment of Money Made in the Real World https://t.co/uaiGl8R4Wo @NYT https://t.co/WWoYQPQnFN,0.0,1.0,0.0,0.0
354,@NYT,SquareOne™,Wed Nov 01 21:38:08 +0000 2017,The Last of Joan Rivers https://t.co/NY5z0BRaNl @NYT https://t.co/f5qkyWWYcC,0.0,1.0,0.0,0.0
355,@NYT,SquareOne™,Wed Nov 01 21:38:06 +0000 2017,Tech We’re Using: Encountering Robots While Still Using Fax Machines in Japan https://t.co/bG5hEfFRI4 @NYT https://t.co/vggwc1mSfA,0.0,1.0,0.0,0.0
356,@NYT,SquareOne™,Wed Nov 01 21:38:05 +0000 2017,"Critic’s Notebook: Bob Dylan’s Songs for the Soul, Revisited and Redeemed https://t.co/VZu6WBCaey @NYT https://t.co/FMYHQHJBBK",0.15,0.85,0.0,0.3182
357,@NYT,SquareOne™,Wed Nov 01 21:38:03 +0000 2017,Browsing: These Women Want to Dress You for the Office https://t.co/nFZ1UzZ7Jn @NYT https://t.co/WGnVze0RP9,0.098,0.902,0.0,0.0772
358,@NYT,"Jose Tijam, PMP, CSM",Wed Nov 01 21:32:33 +0000 2017,"""The iPhone X Is Cool. That Doesn’t Mean You Are Ready for It."" via @NYT The New York Times https://t.co/sFwg4htbVG #news #tech #technews",0.194,0.806,0.0,0.5859
359,@NYT,Meg Speer,Wed Nov 01 21:31:30 +0000 2017,"RT @affectScience: Is happiness something you can find on your own? Or is happiness inherently social? @NYT's @RuthWhippman argues that ""Ha…",0.268,0.639,0.092,0.7149
360,@NYT,two001-snake???,Wed Nov 01 21:29:55 +0000 2017,"@NYT @NYC Think about ur state,cities,families,friends,neighbors&amp;tourists killed in terror attacks. Do U reelect Do… https://t.co/lJWWe0jx75",0.0,0.505,0.495,-0.8957
361,@NYT,Thomas,Wed Nov 01 21:19:34 +0000 2017,@AugustPyke @Truthdojo @NYT You're an idiot.. Buh By !!,0.0,1.0,0.0,0.0
362,@NYT,Sue Shaw,Wed Nov 01 21:18:06 +0000 2017,"RT @ny19speaker: Please @washingtonpost @nyt @maddow @JoyAnnReid report this !!!
Very serious &amp; not in the MSM. We need #paperballot #handc…",0.134,0.799,0.067,0.3783
363,@NYT,Voice of Democracy,Wed Nov 01 21:17:48 +0000 2017,"RT @ny19speaker: Please @washingtonpost @nyt @maddow @JoyAnnReid report this !!!
Very serious &amp; not in the MSM. We need #paperballot #handc…",0.134,0.799,0.067,0.3783
364,@NYT,Voice of Democracy,Wed Nov 01 21:17:32 +0000 2017,@washingtonpost @nyt @maddow @JoyAnnReid Please report the deletion of GA vote data. We need #paperballot #handcount https://t.co/5ktfThnK5M,0.126,0.874,0.0,0.3182
365,@NYT,A Y O M I D E,Wed Nov 01 21:16:15 +0000 2017,"""The Upside of Being Ruled by the Five Tech Giants"" by FARHAD MANJOO via @NYT https://t.co/kfbOsgXHUT",0.0,1.0,0.0,0.0
366,@NYT,Sweet MAGA,Wed Nov 01 21:13:45 +0000 2017,RT @EeezeePeezee143: This is treason against the USA among other things. @NYT how could you run this ad ??? https://t.co/BPEHbkZjVH,0.0,0.868,0.132,-0.4404
367,@NYT,Antonio Velardo,Wed Nov 01 21:13:29 +0000 2017,"""The Upside of Being Ruled by the Five Tech Giants"" via @NYT https://t.co/fy6seWuynO #technology",0.0,1.0,0.0,0.0
368,@NYT,Ellie,Wed Nov 01 21:13:22 +0000 2017,"Please @washingtonpost @nyt @maddow @JoyAnnReid report this !!!
Very serious &amp; not in the MSM. We need #paperballot… https://t.co/39Jp6KcilO",0.146,0.781,0.073,0.3783
369,@NYT,Cole Ludedw64million,Wed Nov 01 21:12:06 +0000 2017,RT @EeezeePeezee143: This is treason against the USA among other things. @NYT how could you run this ad ??? https://t.co/BPEHbkZjVH,0.0,0.868,0.132,-0.4404
370,@NYT,AugustPyke,Wed Nov 01 21:06:42 +0000 2017,@TLPCon @Truthdojo @NYT and i do not distinguish between domestic and foreign terrorism.  Terrorism is terrorism.,0.0,0.465,0.535,-0.9413
371,@NYT,Just June ?,Wed Nov 01 21:05:42 +0000 2017,RT @EeezeePeezee143: This is treason against the USA among other things. @NYT how could you run this ad ??? https://t.co/BPEHbkZjVH,0.0,0.868,0.132,-0.4404
372,@NYT,Judy g. armes,Wed Nov 01 21:05:34 +0000 2017,"RT @NYT: David Vaughan, Chronicler of Dance History, Dies at 93. https://t.co/oR0HNqv5Gv",0.0,1.0,0.0,0.0
373,@NYT,EezeePeezee ????,Wed Nov 01 21:05:25 +0000 2017,This is treason against the USA among other things. @NYT how could you run this ad ??? https://t.co/BPEHbkZjVH,0.0,0.854,0.146,-0.4404
374,@NYT,AugustPyke,Wed Nov 01 21:04:51 +0000 2017,"@TLPCon @Truthdojo @NYT The Unibomber, Oaklahoma bombing, vegas shooting.  gang slaughters.  the IRA were terrorist… https://t.co/i0OJfUn0WA",0.0,1.0,0.0,0.0
375,@NYT,Jason R. Wilson,Wed Nov 01 21:02:45 +0000 2017,@affectScience @NYT @ruthwhippman Others may facilitate happiness but don't create happiness.  If our happiness is… https://t.co/x741Z5Pc4J,0.46,0.456,0.084,0.8974
376,@NYT,Rosie Unmasked,Wed Nov 01 21:02:21 +0000 2017,RT @awebberaz: @StormShadow_1 @Thomas1774Paine @TruthinGov2016 @KKNoMates @JoeyaLowe @NYT @SaraCarterDC THOMPSON IS CALLING FOR CIVIL WAR!…,0.0,1.0,0.0,0.0
377,@NYT,AugustPyke,Wed Nov 01 21:01:49 +0000 2017,@TLPCon @Truthdojo @NYT not true.  there are small terror grouos and gangs all over the world that are not muslim.… https://t.co/imElehnsE4,0.0,0.768,0.232,-0.6939
378,@NYT,Stuff I saw,Wed Nov 01 20:50:54 +0000 2017,@jason_a_w @letsgomathias So the full page ad in @NYT is a mirage? Explain. You are so fake news @RealAlexJones… https://t.co/nVk3fJ9TCT,0.0,0.819,0.181,-0.6113
379,@NYT,what's next,Wed Nov 01 20:49:28 +0000 2017,@BlogLiberally @KyleYSpencer @NYT @andrewkolodny I mean you know it wasn't just him lol.  They all saw a perfect op… https://t.co/ly0P0BQ9BM,0.168,0.726,0.106,0.3331
380,@NYT,Lluis Cathsum,Wed Nov 01 20:47:11 +0000 2017,"@JulianAssange @junqueras @nyt shows clearly the opinion is from ""vice-president of catalonia"" @junqueras, as the t… https://t.co/9kLL3SpvPW",0.144,0.856,0.0,0.4019
381,@NYT,what's next,Wed Nov 01 20:47:10 +0000 2017,@KyleYSpencer @BlogLiberally @NYT @andrewkolodny They were treating then things got crazy,0.0,0.806,0.194,-0.34
382,@NYT,what's next,Wed Nov 01 20:45:49 +0000 2017,"RT @BlogLiberally: @KyleYSpencer @NYT @andrewkolodny As I said PEOPLE WILL NOT LIVE IN PAIN! If they can't get relief from ""Dr Real"" they'l…",0.0,0.744,0.256,-0.7832
383,@NYT,what's next,Wed Nov 01 20:45:45 +0000 2017,"RT @BlogLiberally: @KyleYSpencer @NYT @andrewkolodny Hang with me I PROMISE a fairly amazing payoff!
Anyways PEOPLE WILL NOT LIVE IN PAIN!…",0.304,0.696,0.0,0.8135
384,@NYT,what's next,Wed Nov 01 20:43:50 +0000 2017,@KyleYSpencer @BlogLiberally @NYT @andrewkolodny They didnt forget anything,0.192,0.808,0.0,0.1695
385,@NYT,what's next,Wed Nov 01 20:43:16 +0000 2017,"RT @KyleYSpencer: @BlogLiberally @NYT @andrewkolodny A lot of folks addressing the opioid/fentanyl ""crisis"" talk openly about finding a goo…",0.0,1.0,0.0,0.0
386,@NYT,BlogLiberally™®,Wed Nov 01 20:42:33 +0000 2017,@KyleYSpencer @NYT @andrewkolodny And my what big tweets you have....?,0.0,1.0,0.0,0.0
387,@NYT,BlogLiberally™®,Wed Nov 01 20:41:40 +0000 2017,"RT @KyleYSpencer: @BlogLiberally @NYT @andrewkolodny A lot of folks addressing the opioid/fentanyl ""crisis"" talk openly about finding a goo…",0.0,1.0,0.0,0.0
388,@NYT,BlogLiberally™®,Wed Nov 01 20:41:31 +0000 2017,@KyleYSpencer @NYT @andrewkolodny As a pain patient I assure Pain Doctors have not. The current culling of pain pat… https://t.co/QGEkjScB2e,0.091,0.532,0.376,-0.8176
389,@NYT,John Tarnoff,Wed Nov 01 20:40:48 +0000 2017,Classic piece in @nyt by @annekarpf about the virtues of aging...#Boomers: are we starting to feel it? https://t.co/Kq7qCFFTlz,0.128,0.872,0.0,0.3612
390,@NYT,Thomas,Wed Nov 01 20:25:21 +0000 2017,"@AugustPyke @Truthdojo @NYT This is true, but you do understand all foreign terroist are muslim right ? Leaving out antifa of course.",0.087,0.913,0.0,0.2263
391,@NYT,Brenda Scott,Wed Nov 01 20:24:39 +0000 2017,@GOP  this is on you.  @CNN @NYT  Why is this not front page news every day? https://t.co/u0p5E8TQW9,0.0,1.0,0.0,0.0
392,@NYT,REDSWhinez,Wed Nov 01 20:23:37 +0000 2017,"@RealAlexJones @infowars @nytimes if the @NYT had any balls, decency, or common sense at all, they wouldn't have ev… https://t.co/MFDy2rl7pl",0.0,1.0,0.0,0.0
393,@NYT,Brenda Scott,Wed Nov 01 20:17:11 +0000 2017,"@cnn @NYT Be sure to mention this in your reporting.  To be clear, I mean the bit about the @GOP blocking it. https://t.co/xIqlYzKf69",0.185,0.717,0.098,0.3182
394,@NYT,987s,Wed Nov 01 20:16:42 +0000 2017,@NYT Makes as much sense as discrimination against gun owners after Las Vegas shooting of 600 people.,0.0,0.87,0.13,-0.34
395,@NYT,? Christie  ?,Wed Nov 01 20:14:06 +0000 2017,RT @awebberaz: @StormShadow_1 @Thomas1774Paine @TruthinGov2016 @KKNoMates @JoeyaLowe @NYT @SaraCarterDC THOMPSON IS CALLING FOR CIVIL WAR!…,0.0,1.0,0.0,0.0
396,@NYT,K-Dude,Wed Nov 01 20:11:14 +0000 2017,RT @awebberaz: @StormShadow_1 @Thomas1774Paine @TruthinGov2016 @KKNoMates @JoeyaLowe @NYT @SaraCarterDC THOMPSON IS CALLING FOR CIVIL WAR!…,0.0,1.0,0.0,0.0
397,@NYT,WUCDTR,Wed Nov 01 20:01:20 +0000 2017,A Lesson From the Biggest Losers: Exercise Keeps Off the Weight via @NYT  https://t.co/iF3ZhpGcr4,0.0,0.779,0.221,-0.5267
398,@NYT,Allen Yuhas,Wed Nov 01 20:01:03 +0000 2017,"Nice shout-out for KPMG: ""Following the (Bike) Trail to @Amazon’s Second Headquarters,"" via @NYT. #HQ2 https://t.co/WVUj4cYcY6",0.157,0.843,0.0,0.4215
399,@NYT,Shirley Burns Perry,Wed Nov 01 19:54:39 +0000 2017,"@RealAlexJones @nytimes @infowars Dear @NYT, a truck did not plan the event,now,did it? A man or group did that. Truck feels used!",0.132,0.868,0.0,0.4389
400,@CBS,ray mallaber 3,Thu Nov 02 00:06:01 +0000 2017,RT @shemarmoore: @swatcbs is gonna be a THRILL ride y’all !!!!  TUNE IN TOMORROW NIGHT on @CBS &amp; @Global_TV 10/9c ...https://t.co/duxbpEPb9u,0.188,0.812,0.0,0.6598
401,@CBS,Melissa Faulkner,Thu Nov 02 00:05:47 +0000 2017,RT @shemarmoore: @swatcbs is gonna be a THRILL ride y’all !!!!  TUNE IN TOMORROW NIGHT on @CBS &amp; @Global_TV 10/9c ...https://t.co/duxbpEPb9u,0.188,0.812,0.0,0.6598
402,@CBS,Mike G,Thu Nov 02 00:05:35 +0000 2017,"RT @CBS: Don't miss @KelseaBallerini headline #TheThanksgivingDayParade on CBS, live from New York City on Thurs, Nov. 23. https://t.co/v4t…",0.074,0.926,0.0,0.1139
403,@CBS,bryan hamm,Thu Nov 02 00:05:26 +0000 2017,"RT @CB618444: ??@CBS Photoshops #NYC terrorist pic 2 make him look white. 
U can NOT make this shit up! 
LIBERALS are TERRORISTS 
https://t…",0.0,0.561,0.439,-0.9439
404,@CBS,???????????,Thu Nov 02 00:05:23 +0000 2017,"RT @CBS: Michael Jackson's Halloween will enchant you with music, magic &amp; more! Watch the full special now: https://t.co/T3hlVVTfSB #MJHall…",0.136,0.864,0.0,0.4574
405,@CBS,Jeremy Bement,Thu Nov 02 00:05:11 +0000 2017,Boo @CBS for pulling #memyselfandi - it’s funny and has heart. Cheers to @bibbymoynihan and everyone else involved. Bring it back now!!!,0.266,0.734,0.0,0.783
406,@CBS,???????????,Thu Nov 02 00:05:10 +0000 2017,RT @MJJLegion: Thank you @CBS for honoring Michael Jackson's legacy! We hope to see the #MJHalloween special again next year! ? https://t.c…,0.413,0.587,0.0,0.8997
407,@CBS,Don,Thu Nov 02 00:05:10 +0000 2017,"So true, but they watch / read / these POS @cnn @nbc @cbs @msnbc @nytimes @washingtonpost  @npr @pbs https://t.co/rcW7eMj3OY",0.113,0.887,0.0,0.2609
408,@CBS,???????????,Thu Nov 02 00:05:04 +0000 2017,RT @CBS: “Music must be the answer!” #MJHalloween https://t.co/t4UTfizfIn,0.0,1.0,0.0,0.0
409,@CBS,lai loves harry ?,Thu Nov 02 00:04:53 +0000 2017,@CBS how dare you cancel me myself and i...,0.0,0.8,0.2,-0.25
410,@CBS,Shemar Moore,Thu Nov 02 00:04:33 +0000 2017,@swatcbs is gonna be a THRILL ride y’all !!!!  TUNE IN TOMORROW NIGHT on @CBS &amp; @Global_TV 10/9c ...https://t.co/duxbpEPb9u,0.206,0.794,0.0,0.6598
411,@CBS,Robert,Thu Nov 02 00:04:14 +0000 2017,"@CBS I like #CBSAllAccess. #STD is great, but I also liked #AmericanGothic and #Brain dead. Please more shows like these.",0.442,0.373,0.185,0.7391
412,@CBS,Mr. PEC-Tacular™,Thu Nov 02 00:04:01 +0000 2017,RT @DonnaVitale4: @MrPEC_Tacular @WrestlingInc @DLTMovie @CBS @CBSDaytime @BonnieTV @andreoliveeira1 @StarlightRoad @xjahax @ragingstorm74…,0.0,1.0,0.0,0.0
413,@CBS,Jeremy C. F?x,Thu Nov 02 00:03:49 +0000 2017,@kenjimallon @CBS It’s a bad move and I predict it will not pay off.,0.088,0.676,0.237,-0.4946
414,@CBS,Joshua Albarran,Thu Nov 02 00:03:43 +0000 2017,.@cbsboston has continuing coverage on #NYCTerrorAttack 8p on @mytv38 w @PaulaEbbenWBZ &amp; @LiamWBZ and 11p on @CBS w… https://t.co/yqtRbu4r7h,0.0,1.0,0.0,0.0
415,@CBS,glenda george,Thu Nov 02 00:03:23 +0000 2017,RT @Jali_Cat: This man needs to be honored! Too bad #FakeNews MSM @NBC @CBS @CNN @CNNPolitics @nytimes @washingtonpost won’t be doing so #W…,0.143,0.734,0.122,0.1511
416,@CBS,???????????,Thu Nov 02 00:03:15 +0000 2017,"RT @CBS: ?@BigBangTheory's Jim Parsons is thrilled to celebrate ""the soundtrack to his life"" with Michael Jackson's Halloween, tomorrow at…",0.268,0.732,0.0,0.765
417,@CBS,Speaker Swampturd,Thu Nov 02 00:03:02 +0000 2017,"RT @CB618444: ??@CBS Photoshops #NYC terrorist pic 2 make him look white. 
U can NOT make this shit up! 
LIBERALS are TERRORISTS 
https://t…",0.0,0.561,0.439,-0.9439
418,@CBS,f-stop,Thu Nov 02 00:02:58 +0000 2017,@CBS Fake News #MAGA https://t.co/V26jvOaoCm,0.0,0.563,0.437,-0.4767
419,@CBS,John Rineer,Thu Nov 02 00:02:56 +0000 2017,@jzman299 @Jali_Cat @nbc @CBS @CNN @CNNPolitics @nytimes @washingtonpost The NFL will probably be taking. A knee th… https://t.co/VW2BoN39qr,0.0,1.0,0.0,0.0
420,@CBS,ParrotLady,Thu Nov 02 00:02:55 +0000 2017,RT @swatcbs: @CBS reignites an American legend! @swatcbs premieres Thursday Nov 2 10/9c. https://t.co/5dg3mfBEqz,0.0,1.0,0.0,0.0
421,@CBS,Theresa Smith,Thu Nov 02 00:02:32 +0000 2017,"RT @dinoroc74: Not only does #MajorCrimes have a superior cast, but look at the quality guest stars they have attracted @CBS @amazon! #Save…",0.238,0.762,0.0,0.7385
422,@CBS,Theresa Smith,Thu Nov 02 00:02:32 +0000 2017,RT @dinoroc74: We need more of Dr. Morales! #SaveMajorCrimes @CBS @amazon. The doctor has not finished his examinations! #MajorCrimes https…,0.0,1.0,0.0,0.0
423,@CBS,Kenji,Thu Nov 02 00:02:19 +0000 2017,"@JeremyCFox @CBS I really liked the pilot and adore the cast, a shame the share is restricted to those that are willing to try new platform",0.265,0.566,0.17,0.4927
424,@CBS,V,Thu Nov 02 00:02:06 +0000 2017,"RT @CB618444: ??@CBS Photoshops #NYC terrorist pic 2 make him look white. 
U can NOT make this shit up! 
LIBERALS are TERRORISTS 
https://t…",0.0,0.561,0.439,-0.9439
425,@CBS,Jacque D,Thu Nov 02 00:02:03 +0000 2017,@bibbymoynihan @ItsJBB3 @jaleelwhite @MeMyselfAndICBS This show has so much heart and great characters talent chemi… https://t.co/cHoD2J3hUB,0.33,0.67,0.0,0.7845
426,@CBS,uoa15,Thu Nov 02 00:01:36 +0000 2017,RT @sportsfan_james: @SenSchumer @CNN @NancyPelosi @nbc  @CBS  @ABC hope you all take &amp; really listen to the heart ache family's are facing…,0.114,0.784,0.102,0.0772
427,@CBS,John Rineer,Thu Nov 02 00:01:33 +0000 2017,RT @jzman299: @Jali_Cat @nbc @CBS @CNN @CNNPolitics @nytimes @washingtonpost They might be honoring Saipov for taking a bullet while identi…,0.155,0.845,0.0,0.5106
428,@CBS,Donna,Thu Nov 02 00:01:09 +0000 2017,"RT @CB618444: ??@CBS Photoshops #NYC terrorist pic 2 make him look white. 
U can NOT make this shit up! 
LIBERALS are TERRORISTS 
https://t…",0.0,0.561,0.439,-0.9439
429,@CBS,PD1TWO Leo,Thu Nov 02 00:01:04 +0000 2017,RT @kb7clx: Pls look at this ChangeOrg petition to ask @CBS to give #HamRadio a fair shake after a bogus #NCIS episode. Thanks! https://t.c…,0.256,0.679,0.064,0.6239
430,@CBS,??,Thu Nov 02 00:00:56 +0000 2017,"RT @whispernghope: Watching @NCIS_CBS thinking what a fab addition #MajorCrimes would be to the @CBS lineup! 
#SaveMajorCrimes https://t.co…",0.171,0.829,0.0,0.5093
431,@CBS,leaner meaner Amina,Thu Nov 02 00:00:53 +0000 2017,RT @ZoeListerJones: #WCW @AngeliqueCabral @HunterHaleyKing @hollyjbarrett (@LifeInPiecesCBS premieres tomorrow at 9:30/8:30C on @CBS!) http…,0.0,1.0,0.0,0.0
432,@CBS,Jeremy C. F?x,Thu Nov 02 00:00:45 +0000 2017,@kenjimallon @CBS I mostly like the show but the platform is frustrating and seems designed for the benefit of adve… https://t.co/kk1cCaQBny,0.216,0.639,0.145,0.2263
433,@CBS,Calum MacDonell,Thu Nov 02 00:00:32 +0000 2017,@CBS pulls @MeMyselfAndICBS - please don’t drop it: @IamBrianUnger amazing in this- nice to see a TV family that actually gets along.,0.33,0.593,0.078,0.7783
434,@CBS,Shawn Klein,Thu Nov 02 00:00:10 +0000 2017,Pls look at this ChangeOrg petition to ask @CBS to give #HamRadio a fair shake after a bogus #NCIS episode. Thanks! https://t.co/RHgNRO23MT,0.277,0.653,0.069,0.6239
435,@CBS,Fenny Liu,Thu Nov 02 00:00:01 +0000 2017,"RT @dinoroc74: Not only does #MajorCrimes have a superior cast, but look at the quality guest stars they have attracted @CBS @amazon! #Save…",0.238,0.762,0.0,0.7385
436,@CBS,Fenny Liu,Wed Nov 01 23:59:57 +0000 2017,"RT @AShippersLife: ? #Shandy, you deserve a nap after fighting crime 24/7. Don’t worry, we got this! This is why we fight. @cbs @AmazonVide…",0.0,0.604,0.396,-0.8955
437,@CBS,Fenny Liu,Wed Nov 01 23:59:55 +0000 2017,"RT @nblackburn01: .@CBS need proof of @tntdrama's lack of #MajorCrimes promo? 3 days to S6 premiere, this is their header! #savemajorcrimes…",0.0,0.88,0.12,-0.3802
438,@CBS,Fenny Liu,Wed Nov 01 23:59:52 +0000 2017,RT @nblackburn01: .@cbs @tntdrama own #'s list #MajorCrimes viewership at 10 mil. Imagine ratings on BROADCAST &amp; the power of the #1 networ…,0.0,1.0,0.0,0.0
439,@CBS,Fenny Liu,Wed Nov 01 23:59:49 +0000 2017,RT @dinoroc74: We need more of Dr. Morales! #SaveMajorCrimes @CBS @amazon. The doctor has not finished his examinations! #MajorCrimes https…,0.0,1.0,0.0,0.0
440,@CBS,Fenny Liu,Wed Nov 01 23:59:44 +0000 2017,RT @nblackburn01: .@CBS Major Crimes is a show of firsts. You could be part of history in moving a show from cable to broadcast. #savemajor…,0.0,1.0,0.0,0.0
441,@CBS,Fenny Liu,Wed Nov 01 23:59:41 +0000 2017,RT @dinoroc74: #ProFlynnza is the perfect addition to the long list of epic bromances you've had on your network @CBS! #SaveMajorCrimes  @A…,0.16,0.84,0.0,0.6114
442,@CBS,Fenny Liu,Wed Nov 01 23:59:37 +0000 2017,RT @dinoroc74: Set your calendar alarms! Watch #MajorCrimes S6 LIVE! Tweet LIVE! Let's show @CBS&amp; @amazonwhy they should #SaveMajorCrimes!…,0.0,0.846,0.154,-0.5053
443,@CBS,PJS,Wed Nov 01 23:59:35 +0000 2017,"RT @CB618444: ??@CBS Photoshops #NYC terrorist pic 2 make him look white. 
U can NOT make this shit up! 
LIBERALS are TERRORISTS 
https://t…",0.0,0.561,0.439,-0.9439
444,@CBS,Fenny Liu,Wed Nov 01 23:59:33 +0000 2017,RT @DidiFromHolland: #savemajorcrimes It's the best show ever!! Every Friday&amp;Saturday aired in The Netherlands!! All across the ocean! @CBS…,0.23,0.77,0.0,0.7482
445,@CBS,Kenji,Wed Nov 01 23:59:27 +0000 2017,"@JeremyCFox @CBS Yeah, that's why I haven't watched Star Trek since the televised pilot, don't need a new crappy platform.",0.243,0.757,0.0,0.6278
446,@CBS,Mark Gospodarek,Wed Nov 01 23:59:22 +0000 2017,RT @Jali_Cat: This man needs to be honored! Too bad #FakeNews MSM @NBC @CBS @CNN @CNNPolitics @nytimes @washingtonpost won’t be doing so #W…,0.143,0.734,0.122,0.1511
447,@CBS,Kenneth Miller,Wed Nov 01 23:58:43 +0000 2017,@CBS Nope!,0.0,1.0,0.0,0.0
448,@CBS,Bradley Scott ??,Wed Nov 01 23:58:41 +0000 2017,"RT @CB618444: ??@CBS Photoshops #NYC terrorist pic 2 make him look white. 
U can NOT make this shit up! 
LIBERALS are TERRORISTS 
https://t…",0.0,0.561,0.439,-0.9439
449,@CBS,Dawnie Rotten ?? ?,Wed Nov 01 23:58:30 +0000 2017,@CBS is #FakeNews #CNNisISIS #MSMisISIS https://t.co/expnGvmw3q,0.0,1.0,0.0,0.0
450,@CBS,Deb Wyllie,Wed Nov 01 23:58:22 +0000 2017,"@usweekly Please no, won’t watch!! @CBS",0.317,0.44,0.242,0.1739
451,@CBS,Miss Hauntcore ?,Wed Nov 01 23:58:16 +0000 2017,NOOOOOO!!!!! #memyselfandi was a treasure!  HOW DARE YOU @CBS https://t.co/bhTBfiavK5,0.296,0.704,0.0,0.5216
452,@CBS,Mancad,Wed Nov 01 23:57:58 +0000 2017,@CNN @FoxNews @MSNBC @ABC @CBS @nbc Does anyone believe 1 network is NOT bias. If so which?,0.0,0.915,0.085,-0.1027
453,@CBS,Lê,Wed Nov 01 23:57:50 +0000 2017,"RT @CBS: Michael Jackson's Halloween will enchant you with music, magic &amp; more! Watch the full special now: https://t.co/T3hlVVTfSB #MJHall…",0.136,0.864,0.0,0.4574
454,@CBS,rickey reed,Wed Nov 01 23:57:22 +0000 2017,"@AMER Insurance @AaronDonald97 @ceeflashpee84 @ceeflashpee84 @cbs
The NFL,king of concealment &amp; disinformation, no… https://t.co/u6bggQmoQz",0.0,1.0,0.0,0.0
455,@CBS,Pesky Warrior,Wed Nov 01 23:57:08 +0000 2017,"RT @AHamiltonSpirit: Here's a video of Trump saying he knows Putin. #TheResistance needs to get this on TV.
@CNN @maddow @MSNBC @CBS @NBC
h…",0.0,1.0,0.0,0.0
456,@CBS,Robert Pealer,Wed Nov 01 23:56:59 +0000 2017,"RT @CB618444: ??@CBS Photoshops #NYC terrorist pic 2 make him look white. 
U can NOT make this shit up! 
LIBERALS are TERRORISTS 
https://t…",0.0,0.561,0.439,-0.9439
457,@CBS,Jim Hagan #88 NFB#,Wed Nov 01 23:56:55 +0000 2017,"Tonite 8 pm on @CBS  
@survivorcbs @Live_Survivor 
@JeffProbst https://t.co/DTOqpwxl01",0.0,1.0,0.0,0.0
458,@CBS,Martin Selby Snr??,Wed Nov 01 23:56:33 +0000 2017,"RT @Phantoma101: @MulkinsJim @CNN @FoxNews @CBS Jews are responsible for my sinus condition &amp; dandruff. Is it too early for this?
https://t…",0.099,0.901,0.0,0.3182
459,@CBS,Barbara W,Wed Nov 01 23:56:31 +0000 2017,"RT @AHamiltonSpirit: Here's a video of Trump saying he knows Putin. #TheResistance needs to get this on TV.
@CNN @maddow @MSNBC @CBS @NBC
h…",0.0,1.0,0.0,0.0
460,@CBS,Jacque D,Wed Nov 01 23:55:53 +0000 2017,@CBS WHY?#memyselfandi has so much heart and such great talent..shame on you..I guess disgusting humor like 2 broke girls gets u further,0.291,0.502,0.207,0.3612
461,@CBS,Lê,Wed Nov 01 23:55:44 +0000 2017,RT @CBS: Happy #Halloween! Grab your friends and watch Michael Jackson's Halloween tonight: https://t.co/T3hlVVTfSB #MJHalloween https://t.…,0.336,0.664,0.0,0.7959
462,@CBS,Steph Noel Garrison,Wed Nov 01 23:55:21 +0000 2017,@KarinaWaltersCD @CBS @swatcbs So excited!!,0.45,0.55,0.0,0.5068
463,@CBS,Hollywood Outbreak,Wed Nov 01 23:54:49 +0000 2017,SEAL Team’ Feels Unique To Star Jessica Paré https://t.co/WhESfMzDYq #JessicaParé @SEALTeamCBS @cbs #SEALTeam https://t.co/fjS28A7wwi,0.0,1.0,0.0,0.0
464,@CBS,Kristin Fennymore,Wed Nov 01 23:54:46 +0000 2017,RT @Jali_Cat: This man needs to be honored! Too bad #FakeNews MSM @NBC @CBS @CNN @CNNPolitics @nytimes @washingtonpost won’t be doing so #W…,0.143,0.734,0.122,0.1511
465,@CBS,L Laws,Wed Nov 01 23:54:14 +0000 2017,@aroseblush @TC05131904 How much has Trump got stashed away in case? #ImpeachTrump before the GOP GUT the middle cl… https://t.co/owkTeVhNii,0.0,1.0,0.0,0.0
466,@CBS,Kim Smith,Wed Nov 01 23:54:13 +0000 2017,RT @nvrggivup: the media did not elect @realDonaldTrump and they can`t vote him out. @CNN @MSNBC @ABC @CBS @NBC @FOX @nytimes https://t.co/…,0.0,1.0,0.0,0.0
467,@CBS,LordHighfixxer,Wed Nov 01 23:53:48 +0000 2017,"RT @DLeonhardt: Should a tax cut be the top priority of president and Congress?

Yes: 27%
No: 70%

(Per @CBS poll.)",0.181,0.645,0.173,0.0516
468,@CBS,nun ya,Wed Nov 01 23:53:30 +0000 2017,"RT @Kev_nyc: #NYCDebates2017 on @CBS 
This is getting Hot ? https://t.co/HEoTo1NkXj",0.0,1.0,0.0,0.0
469,@CBS,Popy Panayotou,Wed Nov 01 23:53:13 +0000 2017,RT @Jali_Cat: This man needs to be honored! Too bad #FakeNews MSM @NBC @CBS @CNN @CNNPolitics @nytimes @washingtonpost won’t be doing so #W…,0.143,0.734,0.122,0.1511
470,@CBS,Howard Wilson II,Wed Nov 01 23:52:58 +0000 2017,"@CBS And while we're at it, bring Maya back to @SuperiorDonuts",0.0,1.0,0.0,0.0
471,@CBS,Santos L. Halper,Wed Nov 01 23:52:36 +0000 2017,@RealHomeRecordn @CBS @netflix @hulu It’s not the network. It’s that there are too many choices. Consumers aren’t g… https://t.co/8aSXQl1gg5,0.0,1.0,0.0,0.0
472,@CBS,Tiffany McGinnis,Wed Nov 01 23:52:35 +0000 2017,"RT @MrPatrickMoss: @cbs @wisdomcbs @wisdomcbs #WisdomOfTheCrowd is TRENDING!!! KEEP IT UP, All. Keep it up!!! https://t.co/e1N8lWnIlq",0.0,1.0,0.0,0.0
473,@CBS,rightytightylefty...,Wed Nov 01 23:52:16 +0000 2017,"RT @CB618444: ??@CBS Photoshops #NYC terrorist pic 2 make him look white. 
U can NOT make this shit up! 
LIBERALS are TERRORISTS 
https://t…",0.0,0.561,0.439,-0.9439
474,@CBS,Tikal.!.?,Wed Nov 01 23:51:53 +0000 2017,"RT @CB618444: ??@CBS Photoshops #NYC terrorist pic 2 make him look white. 
U can NOT make this shit up! 
LIBERALS are TERRORISTS 
https://t…",0.0,0.561,0.439,-0.9439
475,@CBS,Aunt Annie,Wed Nov 01 23:51:47 +0000 2017,RT @MissMAJ77: Who's watching the mayoral debate on @CBS??,0.0,1.0,0.0,0.0
476,@CBS,REAL NEWS FAKE PREZ,Wed Nov 01 23:51:45 +0000 2017,@FIGHTINGVETERAN @NFL @nflcommish @espn @PapaJohns @Disney @comcast @CBS @CNN @AnheuserBusch https://t.co/WbK0qyyTU2,0.0,1.0,0.0,0.0
477,@CBS,Sarah McLean,Wed Nov 01 23:51:41 +0000 2017,@KarinaWaltersCD @CBS @swatcbs Congrats! Been waiting to see it!,0.332,0.668,0.0,0.6103
478,@CBS,k kruter,Wed Nov 01 23:51:37 +0000 2017,@CNN @MSNBC @ABC @NBC @CBS @washingtonpost @nytimes Repeat after me: Radical Islam Terrorist! Not Truck!,0.0,0.726,0.274,-0.7418
479,@CBS,Life Is Worth Living,Wed Nov 01 23:51:28 +0000 2017,RT @swatcbs: @CBS reignites an American legend! @swatcbs premieres Thursday Nov 2 10/9c. https://t.co/5dg3mfBEqz,0.0,1.0,0.0,0.0
480,@CBS,Piscesgyal,Wed Nov 01 23:51:13 +0000 2017,Who's watching the mayoral debate on @CBS??,0.0,1.0,0.0,0.0
481,@CBS,Larroquettishes,Wed Nov 01 23:50:06 +0000 2017,@rappsody74 @CBS @MeMyselfAndICBS @Kelencoleman @ReylynnCaster @MandellMaughan @IamBrianUnger Totally agree. I'd li… https://t.co/zfm9nkaxks,0.202,0.798,0.0,0.4201
482,@CBS,Navy Vet,Wed Nov 01 23:50:06 +0000 2017,"RT @ZeroDarkDori: @BoDietl  &amp; Nicole both ripping apart @BilldeBlasio on @CBS 
Haha #NYCMayor",0.2,0.8,0.0,0.4588
483,@CBS,DeplorableSleuth,Wed Nov 01 23:50:05 +0000 2017,"RT @CB618444: ??@CBS Photoshops #NYC terrorist pic 2 make him look white. 
U can NOT make this shit up! 
LIBERALS are TERRORISTS 
https://t…",0.0,0.561,0.439,-0.9439
484,@CBS,Pan,Wed Nov 01 23:49:54 +0000 2017,"RT @AHamiltonSpirit: Here's a video of Trump saying he knows Putin. #TheResistance needs to get this on TV.
@CNN @maddow @MSNBC @CBS @NBC
h…",0.0,1.0,0.0,0.0
485,@CBS,THE MILITARY MATTERS,Wed Nov 01 23:49:51 +0000 2017,RT @FIGHTINGVETERAN: FIRE: @nflcommish #BoycottNFL #BoycottESPN @ESPN Boycott @PaPaJohns @Disney @Comcast @CBS #BoycottNFLSponsors #Budweis…,0.0,0.688,0.312,-0.6633
486,@CBS,MFP4073,Wed Nov 01 23:49:34 +0000 2017,RT @cliftonhfc1: I have stopped watching @CBS because of their deception regarding @realDonaldTrump @POTUS This comes as no surprise #Boyco…,0.087,0.622,0.29,-0.5994
487,@CBS,Deliyah Cameron,Wed Nov 01 23:49:17 +0000 2017,RT @swatcbs: @CBS reignites an American legend! @swatcbs premieres Thursday Nov 2 10/9c. https://t.co/5dg3mfBEqz,0.0,1.0,0.0,0.0
488,@CBS,Penny Deplorable,Wed Nov 01 23:49:17 +0000 2017,"RT @CB618444: ??@CBS Photoshops #NYC terrorist pic 2 make him look white. 
U can NOT make this shit up! 
LIBERALS are TERRORISTS 
https://t…",0.0,0.561,0.439,-0.9439
489,@CBS,Kenneth holt,Wed Nov 01 23:49:15 +0000 2017,RT @swatcbs: @CBS reignites an American legend! @swatcbs premieres Thursday Nov 2 10/9c. https://t.co/5dg3mfBEqz,0.0,1.0,0.0,0.0
490,@CBS,Raquel Schoebel,Wed Nov 01 23:48:50 +0000 2017,"@MasterJerry70 @CBS You're ignorant and need to leave if you seriously think that about him, It was already proven he was innocent",0.094,0.709,0.197,-0.1531
491,@CBS,Lisa Carl,Wed Nov 01 23:48:50 +0000 2017,@CBS please tell me that you are not cancelling the best new show in years!!!! #memyselfandi #needstostay,0.226,0.624,0.15,-0.3907
492,@CBS,B. Bunnell,Wed Nov 01 23:48:32 +0000 2017,@EOMmedia @PhillyANTIFA @JoeyRockstone @CBS There were zero Vets there...fake news on the Veteran label...asshole!!,0.0,1.0,0.0,0.0
493,@CBS,Laura Marti,Wed Nov 01 23:48:27 +0000 2017,@CBS #NYC Mayorla debate @mauriceduboistv unfairly giving DeBlasio more time.,0.211,0.789,0.0,0.34
494,@CBS,Haley?,Wed Nov 01 23:48:20 +0000 2017,RT @HunterHaleyKing: The girls are back in town! Catch us tomorrow for the Season 3 premiere of #LifeInPieces at 9:30/8:30c on @CBS https:/…,0.0,1.0,0.0,0.0
495,@CBS,william adams,Wed Nov 01 23:47:38 +0000 2017,RT @ed46510525: @CB618444 @CBS Another example why the media isn’t trusted and hated. America’s Media is worse than any Russian propaganda…,0.109,0.634,0.257,-0.6369
496,@CBS,Pat Russo,Wed Nov 01 23:47:30 +0000 2017,"@realDonaldTrump @nytimes @NBCNews @ABC @CBS @CNN No, you are the enemy of the American people.",0.0,0.695,0.305,-0.6908
497,@CBS,Diana Blackwell,Wed Nov 01 23:47:23 +0000 2017,RT @swatcbs: @CBS reignites an American legend! @swatcbs premieres Thursday Nov 2 10/9c. https://t.co/5dg3mfBEqz,0.0,1.0,0.0,0.0
498,@CBS,Texas Bill Covfefe,Wed Nov 01 23:47:09 +0000 2017,"RT @CB618444: ??@CBS Photoshops #NYC terrorist pic 2 make him look white. 
U can NOT make this shit up! 
LIBERALS are TERRORISTS 
https://t…",0.0,0.561,0.439,-0.9439
499,@CBS,?,Wed Nov 01 23:47:05 +0000 2017,why just why @CBS,0.0,1.0,0.0,0.0
